visit-time,title,visit-count,typed-count,id,url
1531699976233,서울특별시 - Google 지도,1,,pSN3Pl_sfwmE,https://www.google.com/maps/@37.5638885 126.9819412 3a 75y 290.56h 105.17t/data=!3m8!1e1!3m6!1sAF1QipO2EXL56WjRWesvxeqJGmgfI3yW3DRL_5zpxiT-!2e10!3e11!6shttps:%2F%2Flh5.googleusercontent.com%2Fp%2FAF1QipO2EXL56WjRWesvxeqJGmgfI3yW3DRL_5zpxiT-%3Dw203-h100-k-no-pi-0.39304975-ya163.27097-ro-4.606561-fo100!7i5376!8i2688
1531699974881,서울특별시 - Google 지도,1,,BUGGh1bAVsuc,https://www.google.com/maps/@37.5638885 126.9819412 3a 75y 276.83h 126.09t/data=!3m8!1e1!3m6!1sAF1QipO2EXL56WjRWesvxeqJGmgfI3yW3DRL_5zpxiT-!2e10!3e11!6shttps:%2F%2Flh5.googleusercontent.com%2Fp%2FAF1QipO2EXL56WjRWesvxeqJGmgfI3yW3DRL_5zpxiT-%3Dw203-h100-k-no-pi-0.39304975-ya163.27097-ro-4.606561-fo100!7i5376!8i2688
1531699973787,서울특별시 - Google 지도,1,,y86iCR1wuSix,https://www.google.com/maps/@37.5638885 126.9819412 3a 75y 334.67h 109.2t/data=!3m8!1e1!3m6!1sAF1QipO2EXL56WjRWesvxeqJGmgfI3yW3DRL_5zpxiT-!2e10!3e11!6shttps:%2F%2Flh5.googleusercontent.com%2Fp%2FAF1QipO2EXL56WjRWesvxeqJGmgfI3yW3DRL_5zpxiT-%3Dw203-h100-k-no-pi-0.39304975-ya163.27097-ro-4.606561-fo100!7i5376!8i2688
1531699971206,서울특별시 - Google 지도,1,,w0PVIGrYQTMn,https://www.google.com/maps/@37.5638885 126.9819412 3a 75y 342.5h 90t/data=!3m11!1e1!3m9!1sAF1QipO2EXL56WjRWesvxeqJGmgfI3yW3DRL_5zpxiT-!2e10!3e11!6shttps:%2F%2Flh5.googleusercontent.com%2Fp%2FAF1QipO2EXL56WjRWesvxeqJGmgfI3yW3DRL_5zpxiT-%3Dw203-h100-k-no-pi-0.39304975-ya163.27097-ro-4.606561-fo100!7i5376!8i2688!9m2!1b1!2i37
1531699969644,서울특별시 - Google 지도,1,,vpFXII2ULGLF,https://www.google.com/maps/@37.5638885 126.9819412 3a 75y 342.5h 90t/data=!3m8!1e1!3m6!1sAF1QipO2EXL56WjRWesvxeqJGmgfI3yW3DRL_5zpxiT-!2e10!3e11!6shttps:%2F%2Flh5.googleusercontent.com%2Fp%2FAF1QipO2EXL56WjRWesvxeqJGmgfI3yW3DRL_5zpxiT-%3Dw203-h100-k-no-pi-0.39304975-ya163.27097-ro-4.606561-fo100!7i5376!8i2688
1531699969178,Aleksei Fedorishchev - Google 지도,1,,gmXqxH4O8LB4,https://www.google.com/maps/@37.5631643 126.9801176 3a 75y 340.03h 136.32t/data=!3m8!1e1!3m6!1sAF1QipO2EXL56WjRWesvxeqJGmgfI3yW3DRL_5zpxiT-!2e10!3e11!6shttps:%2F%2Flh5.googleusercontent.com%2Fp%2FAF1QipO2EXL56WjRWesvxeqJGmgfI3yW3DRL_5zpxiT-%3Dw203-h100-k-no-pi-0.39304975-ya163.27097-ro-4.606561-fo100!7i5376!8i2688
1531657086273,https://doc-04-3g-docs.googleusercontent.com/docs/securesc/g3pa8l2h82vii355o8kskknob2vva88d/i9c8lakoinfj20204mqt2msuvmvikook/1531656000000/11685311808024738427/11685311808024738427/1240tKK6ieYBwWp1mPfeN2agjMJi770dU?e=download&nonce=njvsukmdkqcbm&user=00417536317157962809&hash=cv1s3biqcv3bpk6i4eibi2jn6vd26gnu,1,,Pd2qBqDHvnNR,https://doc-04-3g-docs.googleusercontent.com/docs/securesc/g3pa8l2h82vii355o8kskknob2vva88d/i9c8lakoinfj20204mqt2msuvmvikook/1531656000000/11685311808024738427/11685311808024738427/1240tKK6ieYBwWp1mPfeN2agjMJi770dU?e=download&nonce=njvsukmdkqcbm&user=00417536317157962809&hash=cv1s3biqcv3bpk6i4eibi2jn6vd26gnu
1531657085848,https://docs.google.com/nonceSigner?nonce=njvsukmdkqcbm&continue=https://doc-04-3g-docs.googleusercontent.com/docs/securesc/g3pa8l2h82vii355o8kskknob2vva88d/i9c8lakoinfj20204mqt2msuvmvikook/1531656000000/11685311808024738427/11685311808024738427/1240tKK6ieYBwWp1mPfeN2agjMJi770dU?e%3Ddownload&hash=i3b0q28u48ttquioajofgam66jala53t,1,,NQoyh_rsWzHe,https://docs.google.com/nonceSigner?nonce=njvsukmdkqcbm&continue=https://doc-04-3g-docs.googleusercontent.com/docs/securesc/g3pa8l2h82vii355o8kskknob2vva88d/i9c8lakoinfj20204mqt2msuvmvikook/1531656000000/11685311808024738427/11685311808024738427/1240tKK6ieYBwWp1mPfeN2agjMJi770dU?e%3Ddownload&hash=i3b0q28u48ttquioajofgam66jala53t
1531657085423,https://doc-04-3g-docs.googleusercontent.com/docs/securesc/g3pa8l2h82vii355o8kskknob2vva88d/i9c8lakoinfj20204mqt2msuvmvikook/1531656000000/11685311808024738427/11685311808024738427/1240tKK6ieYBwWp1mPfeN2agjMJi770dU?e=download,1,,UYy_h6qCypFN,https://doc-04-3g-docs.googleusercontent.com/docs/securesc/g3pa8l2h82vii355o8kskknob2vva88d/i9c8lakoinfj20204mqt2msuvmvikook/1531656000000/11685311808024738427/11685311808024738427/1240tKK6ieYBwWp1mPfeN2agjMJi770dU?e=download
1531657079582,optmization - Google 드라이브,4,,W0A2wV6nppCz,https://drive.google.com/drive/u/1/folders/16ubjvnRbFQs3r8QRMLj0rykN0XWgiMvn
1531657075026,내 드라이브 - Google 드라이브,35,,iEunag5Imi6Z,https://drive.google.com/drive/u/1/my-drive
1531657074714,Google 드라이브,16,,9p0IH0-Eomaj,https://drive.google.com/drive/u/1/my-drive?ogss=1
1531657074179,https://drive.google.com/drive/u/1/my-drive?authuser=1&ogss=1,16,,muw44_icaDqC,https://drive.google.com/drive/u/1/my-drive?authuser=1&ogss=1
1531657073831,https://drive.google.com/drive/u/0/my-drive?authuser=1&ogss=1,16,,QQtkIwTC26W0,https://drive.google.com/drive/u/0/my-drive?authuser=1&ogss=1
1531657068927,내 드라이브 - Google 드라이브,18,,3I46oPGag4Xl,https://drive.google.com/drive/u/0/my-drive
1531657067261,Google 드라이브,16,,669Cm5K0sZMf,https://drive.google.com/drive/u/0/
1531657066925,https://drive.google.com/,16,,ZWQdxeL1z0TC,https://drive.google.com/
1531657066608,http://drive.google.com/,16,,XozRQRclNYbt,http://drive.google.com/
1531650832821,180715 | Evernote Web,1,,h9ehLPaXVdE9,https://www.evernote.com/Home.action?login=true&prompt=none&authuser=1#n=665508c1-add7-4936-9139-0e5a8e734bff&s=s662&ses=4&sh=2&sds=5&
1531650832155,Evernote Web,1,,_VOHGrb0UyP0,https://www.evernote.com/Home.action?login=true&prompt=none&authuser=1#n=665508c1-add7-4936-9139-0e5a8e734bff&ses=4&sh=2&sds=5&
1531650828487,Evernote Web,1,,Ej5qCyEu1Z9I,https://www.evernote.com/Home.action?login=true&prompt=none&authuser=1
1531650827605,https://www.evernote.com/AnalyticsPitStop.action?analyticsEventDataJson=%7B%22events%22%3A%5B%7B%22identityId%22%3A0%2C%22action%22%3A%22login_action%22%2C%22exportToDatabase%22%3Atrue%2C%22label%22%3A%22google_openid_log_in_home_new%22%2C%22category%22%3A%22account%22%7D%5D%7D&targetUrl=https%3A%2F%2Fwww.evernote.com%2FHome.action%3Flogin%3Dtrue%26prompt%3Dnone%26authuser%3D1,1,,WV72xNW3Q57v,https://www.evernote.com/AnalyticsPitStop.action?analyticsEventDataJson=%7B%22events%22%3A%5B%7B%22identityId%22%3A0%2C%22action%22%3A%22login_action%22%2C%22exportToDatabase%22%3Atrue%2C%22label%22%3A%22google_openid_log_in_home_new%22%2C%22category%22%3A%22account%22%7D%5D%7D&targetUrl=https%3A%2F%2Fwww.evernote.com%2FHome.action%3Flogin%3Dtrue%26prompt%3Dnone%26authuser%3D1
1531650827393,https://www.evernote.com/Login.action?oauthLogin&state=a5tN%2BDVXQNm7wVJy39zJbQ%3D%3D:pOgJJIca4aDF5f0bphg9vyOY6q7v6jtqsMBfBh7hLSEOrgqodDtlhWztYV5PV6QT&code=4/AABvbr4FbqymjmbG4q6VlpnJtquDxjmxzL0nExvXBlud4WKdoGcaLKlLr5kx5XUMLoE3WlA5OW0-qeqAxQa3g5I&authuser=1&session_state=7b3af0ed367819910e040d972a054fa79e4a1707..05b5&prompt=none#,1,,d5jC4wX0MHz1,https://www.evernote.com/Login.action?oauthLogin&state=a5tN%2BDVXQNm7wVJy39zJbQ%3D%3D:pOgJJIca4aDF5f0bphg9vyOY6q7v6jtqsMBfBh7hLSEOrgqodDtlhWztYV5PV6QT&code=4/AABvbr4FbqymjmbG4q6VlpnJtquDxjmxzL0nExvXBlud4WKdoGcaLKlLr5kx5XUMLoE3WlA5OW0-qeqAxQa3g5I&authuser=1&session_state=7b3af0ed367819910e040d972a054fa79e4a1707..05b5&prompt=none#
1531650825700,Sign in - Google Accounts,1,,L9MQP8Ux9sUt,https://accounts.google.com/signin/oauth/oauthchooseaccount?client_id=447407681759.apps.googleusercontent.com&as=2sXe5Vl92v8xRO3Ty7nYSA&destination=https%3A%2F%2Fwww.evernote.com&approval_state=!ChRNeWsyajIxejRoT293TWU3dEh0MRIfQXdxODJvMHJyUDhZY01pNW5wOWhjSFRfaVEzWVNSWQ%E2%88%99ANKMe1QAAAAAW0x0iNgkvlZy72AnGmJ4nykGLGtrgNoG&oauthgdpr=1&xsrfsig=AHgIfE-e5RWBxxpRK0G0KtDDUWY9PEEkdw&flowName=GeneralOAuthFlow
1531650824971,Sign in - Google Accounts,1,,hbcwSHe5BdSv,https://accounts.google.com/signin/oauth?client_id=447407681759.apps.googleusercontent.com&as=2sXe5Vl92v8xRO3Ty7nYSA&destination=https://www.evernote.com&approval_state=!ChRNeWsyajIxejRoT293TWU3dEh0MRIfQXdxODJvMHJyUDhZY01pNW5wOWhjSFRfaVEzWVNSWQ%E2%88%99ANKMe1QAAAAAW0x0iNgkvlZy72AnGmJ4nykGLGtrgNoG&oauthgdpr=1&xsrfsig=AHgIfE-e5RWBxxpRK0G0KtDDUWY9PEEkdw
1531650824398,전달 중...,1,,ajwqaPf0AtNK,https://accounts.google.com/o/oauth2/v2/auth?noonce=1&scope=openid+email&response_type=code&redirect_uri=https%3A%2F%2Fwww.evernote.com%2FLogin.action%3FoauthLogin&state=a5tN%2BDVXQNm7wVJy39zJbQ%3D%3D%3ApOgJJIca4aDF5f0bphg9vyOY6q7v6jtqsMBfBh7hLSEOrgqodDtlhWztYV5PV6QT&client_id=447407681759.apps.googleusercontent.com
1531650824024,https://www.evernote.com/MarketingOpenId.action?referralSpecifier=mweb_home_1g&analyticsLoginOrigin=home_new,1,,IswenNkIefGU,https://www.evernote.com/MarketingOpenId.action?referralSpecifier=mweb_home_1g&analyticsLoginOrigin=home_new
1531650821849,Best Note Taking App | Organize Your Notes with Evernote,1,,SlKbDUFtdKoD,https://evernote.com/
1531650821486,http://evernote.com/,1,,amhANkL0sAz4,http://evernote.com/
1531473802085,'disjoint' 의 검색결과 : 네이버 영어사전,1,,gyxpavkIj3Zf,https://endic.naver.com/search.nhn?sLn=en&dicQuery=disjoint&x=0&y=0&query=disjoint&target=endic&ie=utf8&query_utf=&isOnlyViewEE=N
1531473801703,https://endic.naver.com/search.nhn?dicQuery=disjoint&x=0&y=0&query=disjoint&target=endic&ie=utf8&query_utf=&isOnlyViewEE=N,1,,Ij9ffG4Uqjf8,https://endic.naver.com/search.nhn?dicQuery=disjoint&x=0&y=0&query=disjoint&target=endic&ie=utf8&query_utf=&isOnlyViewEE=N
1531473799117,네이버 사전 (NAVER dictionary),19,,CL7AjKS9CrSf,https://dict.naver.com/
1531470546081,semantic localization - Google 검색,1,,tu6zKtMbaQnA,https://www.google.com/search?client=ubuntu&channel=fs&q=semantic+localization&ie=utf-8&oe=utf-8
1531467328114,https://doc-0k-3g-docs.googleusercontent.com/docs/securesc/g3pa8l2h82vii355o8kskknob2vva88d/pf73m7idr1b1a0doqhehjb3ecdnoe04j/1531461600000/11685311808024738427/11685311808024738427/17Ogx9OU2psmYu1ZFQzV1S5g7nN8wX5KI?e=download&nonce=bqei3cdba0rcc&user=00417536317157962809&hash=gttktl00eh00s4bfd78ud17c2ive7roi,1,,qxH6ApnZc_FU,https://doc-0k-3g-docs.googleusercontent.com/docs/securesc/g3pa8l2h82vii355o8kskknob2vva88d/pf73m7idr1b1a0doqhehjb3ecdnoe04j/1531461600000/11685311808024738427/11685311808024738427/17Ogx9OU2psmYu1ZFQzV1S5g7nN8wX5KI?e=download&nonce=bqei3cdba0rcc&user=00417536317157962809&hash=gttktl00eh00s4bfd78ud17c2ive7roi
1531467327730,https://docs.google.com/nonceSigner?nonce=bqei3cdba0rcc&continue=https://doc-0k-3g-docs.googleusercontent.com/docs/securesc/g3pa8l2h82vii355o8kskknob2vva88d/pf73m7idr1b1a0doqhehjb3ecdnoe04j/1531461600000/11685311808024738427/11685311808024738427/17Ogx9OU2psmYu1ZFQzV1S5g7nN8wX5KI?e%3Ddownload&hash=pauvt5tmjku4ohuio0aravn7vjn9177m,1,,JcJknzag-EVi,https://docs.google.com/nonceSigner?nonce=bqei3cdba0rcc&continue=https://doc-0k-3g-docs.googleusercontent.com/docs/securesc/g3pa8l2h82vii355o8kskknob2vva88d/pf73m7idr1b1a0doqhehjb3ecdnoe04j/1531461600000/11685311808024738427/11685311808024738427/17Ogx9OU2psmYu1ZFQzV1S5g7nN8wX5KI?e%3Ddownload&hash=pauvt5tmjku4ohuio0aravn7vjn9177m
1531467326450,https://doc-0k-3g-docs.googleusercontent.com/docs/securesc/g3pa8l2h82vii355o8kskknob2vva88d/pf73m7idr1b1a0doqhehjb3ecdnoe04j/1531461600000/11685311808024738427/11685311808024738427/17Ogx9OU2psmYu1ZFQzV1S5g7nN8wX5KI?e=download,2,,FDc5w6oQhCXu,https://doc-0k-3g-docs.googleusercontent.com/docs/securesc/g3pa8l2h82vii355o8kskknob2vva88d/pf73m7idr1b1a0doqhehjb3ecdnoe04j/1531461600000/11685311808024738427/11685311808024738427/17Ogx9OU2psmYu1ZFQzV1S5g7nN8wX5KI?e=download
1531467299633,https://doc-0k-3g-docs.googleusercontent.com/docs/securesc/g3pa8l2h82vii355o8kskknob2vva88d/pf73m7idr1b1a0doqhehjb3ecdnoe04j/1531461600000/11685311808024738427/11685311808024738427/17Ogx9OU2psmYu1ZFQzV1S5g7nN8wX5KI?e=download&nonce=m86apctlbr2fs&user=00417536317157962809&hash=a5tkh9u31otg94rcg8v4aofvn45l8klk,1,,KVuMLFhiRBNZ,https://doc-0k-3g-docs.googleusercontent.com/docs/securesc/g3pa8l2h82vii355o8kskknob2vva88d/pf73m7idr1b1a0doqhehjb3ecdnoe04j/1531461600000/11685311808024738427/11685311808024738427/17Ogx9OU2psmYu1ZFQzV1S5g7nN8wX5KI?e=download&nonce=m86apctlbr2fs&user=00417536317157962809&hash=a5tkh9u31otg94rcg8v4aofvn45l8klk
1531467299260,https://docs.google.com/nonceSigner?nonce=m86apctlbr2fs&continue=https://doc-0k-3g-docs.googleusercontent.com/docs/securesc/g3pa8l2h82vii355o8kskknob2vva88d/pf73m7idr1b1a0doqhehjb3ecdnoe04j/1531461600000/11685311808024738427/11685311808024738427/17Ogx9OU2psmYu1ZFQzV1S5g7nN8wX5KI?e%3Ddownload&hash=7mn9omfh15uh33odbobstrj0m1taosgr,1,,YVzi1E85nuy5,https://docs.google.com/nonceSigner?nonce=m86apctlbr2fs&continue=https://doc-0k-3g-docs.googleusercontent.com/docs/securesc/g3pa8l2h82vii355o8kskknob2vva88d/pf73m7idr1b1a0doqhehjb3ecdnoe04j/1531461600000/11685311808024738427/11685311808024738427/17Ogx9OU2psmYu1ZFQzV1S5g7nN8wX5KI?e%3Ddownload&hash=7mn9omfh15uh33odbobstrj0m1taosgr
1531414685527,filesystem - How to fix "sudo: unable to open ... Read-only file system"? - Ask Ubuntu,1,,4GyD7sDz7bvm,https://askubuntu.com/questions/197459/how-to-fix-sudo-unable-to-open-read-only-file-system
1531414685047,https://www.google.com/url?sa=t&rct=j&q=&esrc=s&source=web&cd=1&ved=0ahUKEwiNqNyhhJrcAhWDEbwKHbR0DAAQFggmMAA&url=https%3A%2F%2Faskubuntu.com%2Fquestions%2F197459%2Fhow-to-fix-sudo-unable-to-open-read-only-file-system&usg=AOvVaw3cEznnqh-dhTnFMr62VFpG,1,,YdYLyadsNPi2,https://www.google.com/url?sa=t&rct=j&q=&esrc=s&source=web&cd=1&ved=0ahUKEwiNqNyhhJrcAhWDEbwKHbR0DAAQFggmMAA&url=https%3A%2F%2Faskubuntu.com%2Fquestions%2F197459%2Fhow-to-fix-sudo-unable-to-open-read-only-file-system&usg=AOvVaw3cEznnqh-dhTnFMr62VFpG
1531414683621,read only file system linux - Google 검색,1,,Htks7ljLBDmo,https://www.google.com/search?client=ubuntu&channel=fs&q=read+only+file+system+linux&ie=utf-8&oe=utf-8
1531413099039,python - Randomly mix lines of 3 million-line file - Stack Overflow,1,,pKqk0WCBw2Vm,https://stackoverflow.com/questions/4618298/randomly-mix-lines-of-3-million-line-file
1531413098565,https://www.google.com/url?sa=t&rct=j&q=&esrc=s&source=web&cd=1&ved=0ahUKEwjNlMSs_pncAhUH57wKHeEdBvMQFggmMAA&url=https%3A%2F%2Fstackoverflow.com%2Fquestions%2F4618298%2Frandomly-mix-lines-of-3-million-line-file&usg=AOvVaw0AHrMIvifPsSUujlPiQsd_,1,,eSpjQb_4CD6m,https://www.google.com/url?sa=t&rct=j&q=&esrc=s&source=web&cd=1&ved=0ahUKEwjNlMSs_pncAhUH57wKHeEdBvMQFggmMAA&url=https%3A%2F%2Fstackoverflow.com%2Fquestions%2F4618298%2Frandomly-mix-lines-of-3-million-line-file&usg=AOvVaw0AHrMIvifPsSUujlPiQsd_
1531413095677,python shuffle text file - Google 검색,1,,w_3m3olr-bAP,https://www.google.com/search?client=ubuntu&channel=fs&q=python+shuffle+text+file&ie=utf-8&oe=utf-8
1531411899613,(2) YouTube,15,,EqZ7pC2Rzby8,https://www.youtube.com/
1531411236275,error output from python matlab engine - MATLAB Answers - MATLAB Central,2,,WnK1nxk1hDKO,https://kr.mathworks.com/matlabcentral/answers/263616-error-output-from-python-matlab-engine
1531411235500,https://www.mathworks.com/matlabcentral/answers/263616-error-output-from-python-matlab-engine,2,,nCtSZPuvagsS,https://www.mathworks.com/matlabcentral/answers/263616-error-output-from-python-matlab-engine
1531411235231,https://www.google.com/url?sa=t&rct=j&q=&esrc=s&source=web&cd=2&ved=0ahUKEwjfjY2x95ncAhVCO7wKHWm5CBUQFggwMAE&url=https%3A%2F%2Fwww.mathworks.com%2Fmatlabcentral%2Fanswers%2F263616-error-output-from-python-matlab-engine&usg=AOvVaw1Rb3RcL-Dm3_50QHN7bmfv,1,,N1PEofhR0I1_,https://www.google.com/url?sa=t&rct=j&q=&esrc=s&source=web&cd=2&ved=0ahUKEwjfjY2x95ncAhVCO7wKHWm5CBUQFggwMAE&url=https%3A%2F%2Fwww.mathworks.com%2Fmatlabcentral%2Fanswers%2F263616-error-output-from-python-matlab-engine&usg=AOvVaw1Rb3RcL-Dm3_50QHN7bmfv
1531411233137,matlab engine for python--systemerror from en.quit() - MATLAB Answers - MATLAB Central,3,,4mjAOH9PSeLC,https://kr.mathworks.com/matlabcentral/answers/160509-matlab-engine-for-python-systemerror-from-en-quit
1531411232396,https://www.mathworks.com/matlabcentral/answers/160509-matlab-engine-for-python-systemerror-from-en-quit,3,,eAqvYUAKUdrf,https://www.mathworks.com/matlabcentral/answers/160509-matlab-engine-for-python-systemerror-from-en-quit
1531411232120,https://www.google.com/url?sa=t&rct=j&q=&esrc=s&source=web&cd=1&ved=0ahUKEwjfjY2x95ncAhVCO7wKHWm5CBUQFggmMAA&url=https%3A%2F%2Fwww.mathworks.com%2Fmatlabcentral%2Fanswers%2F160509-matlab-engine-for-python-systemerror-from-en-quit&usg=AOvVaw0Dck7lvE9I6R6wvpnNACuq,1,,rwUrW_pTqBH5,https://www.google.com/url?sa=t&rct=j&q=&esrc=s&source=web&cd=1&ved=0ahUKEwjfjY2x95ncAhVCO7wKHWm5CBUQFggmMAA&url=https%3A%2F%2Fwww.mathworks.com%2Fmatlabcentral%2Fanswers%2F160509-matlab-engine-for-python-systemerror-from-en-quit&usg=AOvVaw0Dck7lvE9I6R6wvpnNACuq
1531411226225,SystemError: MATLAB process cannot be terminated. - Google 검색,1,,o2roqk90MmVp,https://www.google.com/search?client=ubuntu&hs=6O1&channel=fs&ei=33hHW-SqNsqP8wXllrzoCg&q=SystemError%3A+MATLAB+process+cannot+be+terminated.&oq=SystemError%3A+MATLAB+process+cannot+be+terminated.&gs_l=psy-ab.3..35i39k1j0i30k1.568755.568755.0.569254.1.1.0.0.0.0.279.279.2-1.1.0....0...1c.2.64.psy-ab..0.1.278....0.HxlvPn_Oh0g
1531410696253,Python용 MATLAB Engine API 설치하기 - MATLAB & Simulink - MathWorks 한국,3,,a5Oo_axNrc7H,https://kr.mathworks.com/help/matlab/matlab_external/install-the-matlab-engine-for-python.html
1531410695963,https://www.mathworks.com/help/matlab/matlab_external/install-the-matlab-engine-for-python.html,3,,V821-LUJ56PS,https://www.mathworks.com/help/matlab/matlab_external/install-the-matlab-engine-for-python.html
1531410658903,How do I uninstall the MATLAB Engine API for Python? - MATLAB Answers - MATLAB Central,1,,lEeSF0PdMsSQ,https://kr.mathworks.com/matlabcentral/answers/409158-how-do-i-uninstall-the-matlab-engine-api-for-python
1531410658225,https://www.mathworks.com/matlabcentral/answers/409158-how-do-i-uninstall-the-matlab-engine-api-for-python,1,,J_NXStFOcTVK,https://www.mathworks.com/matlabcentral/answers/409158-how-do-i-uninstall-the-matlab-engine-api-for-python
1531410657538,https://www.google.com/url?sa=t&rct=j&q=&esrc=s&source=web&cd=1&ved=0ahUKEwiklpmh9ZncAhXKx7wKHWULD60QFggmMAA&url=https%3A%2F%2Fwww.mathworks.com%2Fmatlabcentral%2Fanswers%2F409158-how-do-i-uninstall-the-matlab-engine-api-for-python&usg=AOvVaw3vOPutY71IhGoENJLnUZLZ,1,,grOjebSWxeMe,https://www.google.com/url?sa=t&rct=j&q=&esrc=s&source=web&cd=1&ved=0ahUKEwiklpmh9ZncAhXKx7wKHWULD60QFggmMAA&url=https%3A%2F%2Fwww.mathworks.com%2Fmatlabcentral%2Fanswers%2F409158-how-do-i-uninstall-the-matlab-engine-api-for-python&usg=AOvVaw3vOPutY71IhGoENJLnUZLZ
1531410656003,matlab engine python uninstall - Google 검색,1,,TBkZExTrc-m4,https://www.google.com/search?client=ubuntu&hs=c3L&channel=fs&ei=qXhHW_u3DMmi8AWDzKL4BQ&q=matlab+engine+python+uninstall&oq=matlab+engine+python+uninstall&gs_l=psy-ab.3..0i19k1j0i8i13i30i19k1.50409.53688.0.53901.12.12.0.0.0.0.241.1270.0j7j1.8.0....0...1c.1.64.psy-ab..4.8.1268...0i203k1j0i30k1j33i160k1j33i21k1.0._PsYjKzlH0M
1531410605496,https://www.google.com/url?sa=t&rct=j&q=&esrc=s&source=web&cd=2&ved=0ahUKEwi7sI-H9ZncAhVJEbwKHQOmCF8QFgg4MAE&url=https%3A%2F%2Fwww.mathworks.com%2Fhelp%2Fmatlab%2Fmatlab_external%2Finstall-the-matlab-engine-for-python.html&usg=AOvVaw38AfjhmngksTrSsSq7NhmM,1,,5hwa5f8CUVCP,https://www.google.com/url?sa=t&rct=j&q=&esrc=s&source=web&cd=2&ved=0ahUKEwi7sI-H9ZncAhVJEbwKHQOmCF8QFgg4MAE&url=https%3A%2F%2Fwww.mathworks.com%2Fhelp%2Fmatlab%2Fmatlab_external%2Finstall-the-matlab-engine-for-python.html&usg=AOvVaw38AfjhmngksTrSsSq7NhmM
1531410605098,Google 번역,1,,HqDBxWoykjXT,https://translate.google.com/translate?hl=ko&sl=en&u=https://www.mathworks.com/help/matlab/matlab_external/install-the-matlab-engine-for-python.html&prev=search
1531410604896,https://www.google.com/url?sa=t&rct=j&q=&esrc=s&source=web&cd=2&ved=0ahUKEwi7sI-H9ZncAhVJEbwKHQOmCF8Q7gEIPzAB&url=https%3A%2F%2Ftranslate.google.com%2Ftranslate%3Fhl%3Dko%26sl%3Den%26u%3Dhttps%3A%2F%2Fwww.mathworks.com%2Fhelp%2Fmatlab%2Fmatlab_external%2Finstall-the-matlab-engine-for-python.html%26prev%3Dsearch&usg=AOvVaw3L_tZEmvMEAVfTObg9Gn9H,1,,UqFZCM3cCeYb,https://www.google.com/url?sa=t&rct=j&q=&esrc=s&source=web&cd=2&ved=0ahUKEwi7sI-H9ZncAhVJEbwKHQOmCF8Q7gEIPzAB&url=https%3A%2F%2Ftranslate.google.com%2Ftranslate%3Fhl%3Dko%26sl%3Den%26u%3Dhttps%3A%2F%2Fwww.mathworks.com%2Fhelp%2Fmatlab%2Fmatlab_external%2Finstall-the-matlab-engine-for-python.html%26prev%3Dsearch&usg=AOvVaw3L_tZEmvMEAVfTObg9Gn9H
1531410604082,Python용 MATLAB API - MATLAB & Simulink - MathWorks 한국,1,,kpsUO4hIYx5e,https://kr.mathworks.com/help/matlab/matlab-engine-for-python.html
1531410603771,https://www.mathworks.com/help/matlab/matlab-engine-for-python.html,1,,31kxCUMGEABk,https://www.mathworks.com/help/matlab/matlab-engine-for-python.html
1531410603517,https://www.google.com/url?sa=t&rct=j&q=&esrc=s&source=web&cd=1&ved=0ahUKEwi7sI-H9ZncAhVJEbwKHQOmCF8QFggmMAA&url=https%3A%2F%2Fwww.mathworks.com%2Fhelp%2Fmatlab%2Fmatlab-engine-for-python.html&usg=AOvVaw0sPkkp6XiKzhPy11qxmVw5,1,,nOAOSEs8QYtU,https://www.google.com/url?sa=t&rct=j&q=&esrc=s&source=web&cd=1&ved=0ahUKEwi7sI-H9ZncAhVJEbwKHQOmCF8QFggmMAA&url=https%3A%2F%2Fwww.mathworks.com%2Fhelp%2Fmatlab%2Fmatlab-engine-for-python.html&usg=AOvVaw0sPkkp6XiKzhPy11qxmVw5
1531410601321,matlab engine python - Google 검색,1,,VTPzhrEYPttz,https://www.google.com/search?client=ubuntu&hs=Y2L&channel=fs&ei=Z3hHW_v6M8zS8wXLgIywBw&q=matlab+engine+python&oq=matlabengine+&gs_l=psy-ab.3.1.0i13k1l2j0i10i203k1j0i13k1l7.59376.63153.0.64700.15.15.0.0.0.0.162.1540.0j11.12.0....0...1c.1.64.psy-ab..3.12.1670.6..0j35i39k1j0i67k1j0i10k1j0i131k1j0i20i263k1j0i203k1j0i10i30k1.134.7JaHkvw0RjM
1531410577923,https://www.google.com/url?sa=t&rct=j&q=&esrc=s&source=web&cd=1&ved=0ahUKEwi7yvrn9JncAhVM6bwKHUsAA3YQFggmMAA&url=https%3A%2F%2Fwww.mathworks.com%2Fmatlabcentral%2Fanswers%2F160509-matlab-engine-for-python-systemerror-from-en-quit&usg=AOvVaw0Dck7lvE9I6R6wvpnNACuq,1,,l0noVMJUMot3,https://www.google.com/url?sa=t&rct=j&q=&esrc=s&source=web&cd=1&ved=0ahUKEwi7yvrn9JncAhVM6bwKHUsAA3YQFggmMAA&url=https%3A%2F%2Fwww.mathworks.com%2Fmatlabcentral%2Fanswers%2F160509-matlab-engine-for-python-systemerror-from-en-quit&usg=AOvVaw0Dck7lvE9I6R6wvpnNACuq
1531410546172,Matlab system error - when running experiments/script_faster_rcnn_demo.m · Issue #23 · ShaoqingRen/faster_rcnn · GitHub,2,,bTcoy65RCgKl,https://github.com/ShaoqingRen/faster_rcnn/issues/23
1531410544840,https://www.google.com/url?sa=t&rct=j&q=&esrc=s&source=web&cd=5&ved=0ahUKEwi7yvrn9JncAhVM6bwKHUsAA3YQFghKMAQ&url=https%3A%2F%2Fgithub.com%2FShaoqingRen%2Ffaster_rcnn%2Fissues%2F23&usg=AOvVaw3RTWeJG-lEH94hlKsFn88O,1,,02tKjVdtuOm5,https://www.google.com/url?sa=t&rct=j&q=&esrc=s&source=web&cd=5&ved=0ahUKEwi7yvrn9JncAhVM6bwKHUsAA3YQFghKMAQ&url=https%3A%2F%2Fgithub.com%2FShaoqingRen%2Ffaster_rcnn%2Fissues%2F23&usg=AOvVaw3RTWeJG-lEH94hlKsFn88O
1531410479867,SystemError: MATLAB process cannot be terminated. - Google 검색,1,,UCjmACwFb7Sp,https://www.google.com/search?client=ubuntu&channel=fs&q=SystemError%3A+MATLAB+process+cannot+be+terminated.&ie=utf-8&oe=utf-8
1531410087439,https://www.google.com/url?sa=t&rct=j&q=&esrc=s&source=web&cd=3&ved=0ahUKEwix-sWQ85ncAhUJ5LwKHUaRCaEQFgg4MAI&url=https%3A%2F%2Fgithub.com%2FShaoqingRen%2Ffaster_rcnn%2Fissues%2F23&usg=AOvVaw3RTWeJG-lEH94hlKsFn88O,1,,F38HCdgl0onR,https://www.google.com/url?sa=t&rct=j&q=&esrc=s&source=web&cd=3&ved=0ahUKEwix-sWQ85ncAhUJ5LwKHUaRCaEQFgg4MAI&url=https%3A%2F%2Fgithub.com%2FShaoqingRen%2Ffaster_rcnn%2Fissues%2F23&usg=AOvVaw3RTWeJG-lEH94hlKsFn88O
1531410086093,https://www.google.com/url?sa=t&rct=j&q=&esrc=s&source=web&cd=1&ved=0ahUKEwix-sWQ85ncAhUJ5LwKHUaRCaEQFggmMAA&url=https%3A%2F%2Fwww.mathworks.com%2Fmatlabcentral%2Fanswers%2F160509-matlab-engine-for-python-systemerror-from-en-quit&usg=AOvVaw0Dck7lvE9I6R6wvpnNACuq,1,,t-QcSy_m-lAf,https://www.google.com/url?sa=t&rct=j&q=&esrc=s&source=web&cd=1&ved=0ahUKEwix-sWQ85ncAhUJ5LwKHUaRCaEQFggmMAA&url=https%3A%2F%2Fwww.mathworks.com%2Fmatlabcentral%2Fanswers%2F160509-matlab-engine-for-python-systemerror-from-en-quit&usg=AOvVaw0Dck7lvE9I6R6wvpnNACuq
1531410084203,SystemError: MATLAB process cannot be terminated. - Google 검색,1,,EC52gbAs-0EU,https://www.google.com/search?client=ubuntu&channel=fs&ei=vXVHW6HyD4Sj8QXxlIaICA&q=SystemError%3A+MATLAB+process+cannot+be+terminated.&oq=SystemError%3A+MATLAB+process+cannot+be+terminated.&gs_l=psy-ab.3..0i30k1.229691.229691.0.230057.1.1.0.0.0.0.135.135.0j1.1.0....0...1c.1.64.psy-ab..0.1.135....0.tIipbndNo0Q
1531410046063,Usage of "Matlab python engine" from python executed by Matlab - MATLAB Answers - MATLAB Central,1,,kPiFVwgIX0do,https://kr.mathworks.com/matlabcentral/answers/337418-usage-of-matlab-python-engine-from-python-executed-by-matlab
1531410045520,https://www.mathworks.com/matlabcentral/answers/337418-usage-of-matlab-python-engine-from-python-executed-by-matlab,1,,tkRu6_hOBzu3,https://www.mathworks.com/matlabcentral/answers/337418-usage-of-matlab-python-engine-from-python-executed-by-matlab
1531410014940,Import matlab.engine error - MATLAB Answers - MATLAB Central,1,,ulbpsrEzFOB-,https://kr.mathworks.com/matlabcentral/answers/348724-import-matlab-engine-error?s_tid=gn_loc_drop
1531410014294,https://in.mathworks.com/matlabcentral/answers/348724-import-matlab-engine-error?s_tid=gn_loc_drop,1,,bGP5kb4CTDdH,https://in.mathworks.com/matlabcentral/answers/348724-import-matlab-engine-error?s_tid=gn_loc_drop
1531410013763,https://www.google.com/url?sa=t&rct=j&q=&esrc=s&source=web&cd=4&ved=0ahUKEwjhxLyi8pncAhWEUbwKHXGKAYEQFghCMAM&url=https%3A%2F%2Fin.mathworks.com%2Fmatlabcentral%2Fanswers%2F348724-import-matlab-engine-error%3Fs_tid%3Dgn_loc_drop&usg=AOvVaw1Dm1oPhbbA3raUDIzQrm4f,1,,XLE3zYt0ZPYj,https://www.google.com/url?sa=t&rct=j&q=&esrc=s&source=web&cd=4&ved=0ahUKEwjhxLyi8pncAhWEUbwKHXGKAYEQFghCMAM&url=https%3A%2F%2Fin.mathworks.com%2Fmatlabcentral%2Fanswers%2F348724-import-matlab-engine-error%3Fs_tid%3Dgn_loc_drop&usg=AOvVaw1Dm1oPhbbA3raUDIzQrm4f
1531409964724,https://www.google.com/url?sa=t&rct=j&q=&esrc=s&source=web&cd=2&ved=0ahUKEwjhxLyi8pncAhWEUbwKHXGKAYEQFggvMAE&url=https%3A%2F%2Fwww.mathworks.com%2Fmatlabcentral%2Fanswers%2F263616-error-output-from-python-matlab-engine&usg=AOvVaw1Rb3RcL-Dm3_50QHN7bmfv,1,,1XWpSN5QiQc4,https://www.google.com/url?sa=t&rct=j&q=&esrc=s&source=web&cd=2&ved=0ahUKEwjhxLyi8pncAhWEUbwKHXGKAYEQFggvMAE&url=https%3A%2F%2Fwww.mathworks.com%2Fmatlabcentral%2Fanswers%2F263616-error-output-from-python-matlab-engine&usg=AOvVaw1Rb3RcL-Dm3_50QHN7bmfv
1531409964369,Paper Reading Group | irap,9,,LJbUsmJnSjFf,https://irap.jandi.com/app/#/room/14518857
1531409962705,Welcome to JANDI,9,,uJJw2bYA9mEk,https://irap.jandi.com/app/#/
1531409961668,https://irap.jandi.com/app/,9,,WPdVZcIKDQeD,https://irap.jandi.com/app/
1531409961592,https://irap.jandi.com/,9,,iug1viOIyLjI,https://irap.jandi.com/
1531409960285,JANDI,24,,P94zcQGkeyBT,https://www.jandi.com/main/#/
1531409960056,JANDI,13,,VirHh_GRd2Kt,https://www.jandi.com/main/#/auth
1531409956582,JANDI - Team Communication for Businesses,5,,cSDHDynp17l9,https://www.jandi.com/landing/en/signin/
1531409954062,JANDI - Team Communication for Businesses,11,,bB99MBoNYOsS,https://www.jandi.com/landing/en
1531409953647,JANDI,11,,8wCeCmfYsoGr,https://www.jandi.com/landing/
1531409925186,https://www.jandi.com/,9,,x1Wi-Vj_NhXZ,https://www.jandi.com/
1531409925047,http://jandi.com/,9,,TiorD44r1J--,http://jandi.com/
1531409920848,JETBRAIN.COM,2,,zfoEBcbjhR1x,http://jetbrain.com/
1531409917639,matlab.engine.EngineError: MATLAB function cannot be evaluated · Issue #5 · myfavouritekk/T-CNN · GitHub,1,,5BETwz7t7JLj,https://github.com/myfavouritekk/T-CNN/issues/5
1531409915098,https://www.google.com/url?sa=t&rct=j&q=&esrc=s&source=web&cd=1&ved=0ahUKEwjhxLyi8pncAhWEUbwKHXGKAYEQFggmMAA&url=https%3A%2F%2Fgithub.com%2Fmyfavouritekk%2FT-CNN%2Fissues%2F5&usg=AOvVaw1ruOv8EVhvF6LGk-d2I4pO,1,,M_LeEgmxQeWj,https://www.google.com/url?sa=t&rct=j&q=&esrc=s&source=web&cd=1&ved=0ahUKEwjhxLyi8pncAhWEUbwKHXGKAYEQFggmMAA&url=https%3A%2F%2Fgithub.com%2Fmyfavouritekk%2FT-CNN%2Fissues%2F5&usg=AOvVaw1ruOv8EVhvF6LGk-d2I4pO
1531409853373,matlab.engine.EngineError: MATLAB function cannot be evaluated Error in atexit._run_exitfuncs: - Google 검색,1,,a-iJ4C_0UKjW,https://www.google.com/search?client=ubuntu&hs=bbL&channel=fs&ei=4HFHW7y9DcmD8gWv85rYBw&q=matlab.engine.EngineError%3A+MATLAB+function+cannot+be+evaluated+Error+in+atexit._run_exitfuncs%3A&oq=matlab.engine.EngineError%3A+MATLAB+function+cannot+be+evaluated+Error+in+atexit._run_exitfuncs%3A&gs_l=psy-ab.3...987856.987856.0.988394.1.1.0.0.0.0.254.254.2-1.1.0....0...1c.2.64.psy-ab..0.0.0....0.SRk3ya_tbRg
1531408871380,현재 폴더 식별 - MATLAB pwd - MathWorks 한국,3,,GZVbnjGAB4u4,https://kr.mathworks.com/help/matlab/ref/pwd.html
1531408871077,https://kr.mathworks.com/login/cookies/refresh/redirect?uri=https%3A%2F%2Fkr.mathworks.com%2Fhelp%2Fmatlab%2Fref%2Fpwd.html,1,,tqY2S1w_Tbtw,https://kr.mathworks.com/login/cookies/refresh/redirect?uri=https%3A%2F%2Fkr.mathworks.com%2Fhelp%2Fmatlab%2Fref%2Fpwd.html
1531408870494,https://www.google.com/url?sa=t&rct=j&q=&esrc=s&source=web&cd=3&ved=0ahUKEwi8re7K7pncAhXJgbwKHa-5BnsQFghCMAI&url=https%3A%2F%2Fkr.mathworks.com%2Fhelp%2Fmatlab%2Fref%2Fpwd.html&usg=AOvVaw1xxxtzVMwGHNW8hA5JyySc,1,,m8DP5eKdALcm,https://www.google.com/url?sa=t&rct=j&q=&esrc=s&source=web&cd=3&ved=0ahUKEwi8re7K7pncAhXJgbwKHa-5BnsQFghCMAI&url=https%3A%2F%2Fkr.mathworks.com%2Fhelp%2Fmatlab%2Fref%2Fpwd.html&usg=AOvVaw1xxxtzVMwGHNW8hA5JyySc
1531408864323,matlab 현재경로 - Google 검색,1,,BAZ-EYtEfGrb,https://www.google.com/search?client=ubuntu&channel=fs&q=matlab+%ED%98%84%EC%9E%AC%EA%B2%BD%EB%A1%9C&ie=utf-8&oe=utf-8
1531408835138,504 Gateway Time-out,1,,iEGWTqMMsboL,https://wikidocs.net/3141
1531408774949,https://www.google.com/url?sa=t&rct=j&q=&esrc=s&source=web&cd=1&ved=0ahUKEwiYmraf7pncAhWIgrwKHedpCMcQFggmMAA&url=https%3A%2F%2Fwikidocs.net%2F3141&usg=AOvVaw1i0G9vmIZYi-uz98LtUZBW,1,,BGhPbvrnPEG3,https://www.google.com/url?sa=t&rct=j&q=&esrc=s&source=web&cd=1&ved=0ahUKEwiYmraf7pncAhWIgrwKHedpCMcQFggmMAA&url=https%3A%2F%2Fwikidocs.net%2F3141&usg=AOvVaw1i0G9vmIZYi-uz98LtUZBW
1531408773236,python os 모듈 - Google 검색,1,,Os2AEF_s-HGV,https://www.google.com/search?client=ubuntu&hs=n3f&channel=fs&ei=s25HW8PDO8qp8QXLuL2QCA&q=python+os+%EB%AA%A8%EB%93%88&oq=python+os+&gs_l=psy-ab.3.3.0l7j0i20i263k1j0i203k1j0.709413.718433.0.720466.21.17.3.1.1.0.290.2050.0j11j2.13.0....0...1c.1.64.psy-ab..5.16.1781...35i39k1j0i67k1j0i131i67k1j0i131k1.0.rTAceXHRAL4
1531408056945,Accessing the folder in Parent Directory - MATLAB Answers - MATLAB Central,1,,UBplJhCa-qW1,https://kr.mathworks.com/matlabcentral/answers/64601-accessing-the-folder-in-parent-directory
1531408056460,https://www.mathworks.com/matlabcentral/answers/64601-accessing-the-folder-in-parent-directory,1,,_VBnstGtyqes,https://www.mathworks.com/matlabcentral/answers/64601-accessing-the-folder-in-parent-directory
1531408056146,https://www.google.com/url?sa=t&rct=j&q=&esrc=s&source=web&cd=1&ved=0ahUKEwiD6cbH65ncAhXKVLwKHUtcD4IQFggmMAA&url=https%3A%2F%2Fwww.mathworks.com%2Fmatlabcentral%2Fanswers%2F64601-accessing-the-folder-in-parent-directory&usg=AOvVaw1w4iImuItFqsEc5h8Wq7aQ,1,,cqEDfVHVJrW6,https://www.google.com/url?sa=t&rct=j&q=&esrc=s&source=web&cd=1&ved=0ahUKEwiD6cbH65ncAhXKVLwKHUtcD4IQFggmMAA&url=https%3A%2F%2Fwww.mathworks.com%2Fmatlabcentral%2Fanswers%2F64601-accessing-the-folder-in-parent-directory&usg=AOvVaw1w4iImuItFqsEc5h8Wq7aQ
1531408052083,matlab upper path - Google 검색,1,,LfEktJV053Cw,https://www.google.com/search?client=ubuntu&hs=DML&channel=fs&ei=Jm5HW_uBMo_88AWzkZywAQ&q=matlab+upper+path&oq=matlab+upper+path&gs_l=psy-ab.3...136425.140024.0.140463.9.8.1.0.0.0.142.798.0j6.6.0....0...1c..64.psy-ab..2.4.409...0i7i30k1j0i8i7i30k1j0i8i30k1j0i8i10i30k1.0.FxkXzt5Cn8g
1531408033279,How to give relative paths? - MATLAB Answers - MATLAB Central,1,,AfTOS4wMNKH0,https://kr.mathworks.com/matlabcentral/answers/144268-how-to-give-relative-paths
1531408032283,https://www.mathworks.com/matlabcentral/answers/144268-how-to-give-relative-paths,1,,pV6XNK_oZrNd,https://www.mathworks.com/matlabcentral/answers/144268-how-to-give-relative-paths
1531408032003,https://www.google.com/url?sa=t&rct=j&q=&esrc=s&source=web&cd=7&ved=0ahUKEwj7rJ-E65ncAhUPPrwKHbMIBxYQFghdMAY&url=https%3A%2F%2Fwww.mathworks.com%2Fmatlabcentral%2Fanswers%2F144268-how-to-give-relative-paths&usg=AOvVaw0cGjZLer2_z_Q4aKiVblC8,1,,9xw7R15VWcCr,https://www.google.com/url?sa=t&rct=j&q=&esrc=s&source=web&cd=7&ved=0ahUKEwj7rJ-E65ncAhUPPrwKHbMIBxYQFghdMAY&url=https%3A%2F%2Fwww.mathworks.com%2Fmatlabcentral%2Fanswers%2F144268-how-to-give-relative-paths&usg=AOvVaw0cGjZLer2_z_Q4aKiVblC8
1531408023566,start matlab with relative path - MATLAB Answers - MATLAB Central,1,,P9JFV4gU4mMa,https://kr.mathworks.com/matlabcentral/answers/381411-start-matlab-with-relative-path
1531408022707,https://www.mathworks.com/matlabcentral/answers/381411-start-matlab-with-relative-path,1,,HcUbwd5SHk3m,https://www.mathworks.com/matlabcentral/answers/381411-start-matlab-with-relative-path
1531408022307,https://www.google.com/url?sa=t&rct=j&q=&esrc=s&source=web&cd=5&ved=0ahUKEwj7rJ-E65ncAhUPPrwKHbMIBxYQFghNMAQ&url=https%3A%2F%2Fwww.mathworks.com%2Fmatlabcentral%2Fanswers%2F381411-start-matlab-with-relative-path&usg=AOvVaw0MgKlXCNw8SxEuVGM8XqqI,1,,Km9REQ48y04-,https://www.google.com/url?sa=t&rct=j&q=&esrc=s&source=web&cd=5&ved=0ahUKEwj7rJ-E65ncAhUPPrwKHbMIBxYQFghNMAQ&url=https%3A%2F%2Fwww.mathworks.com%2Fmatlabcentral%2Fanswers%2F381411-start-matlab-with-relative-path&usg=AOvVaw0MgKlXCNw8SxEuVGM8XqqI
1531407977784,How to use relative path to use matlab file in another computer - MATLAB Answers - MATLAB Central,1,,GTYiB4LEOmkN,https://kr.mathworks.com/matlabcentral/answers/250997-how-to-use-relative-path-to-use-matlab-file-in-another-computer
1531407977186,https://www.mathworks.com/matlabcentral/answers/250997-how-to-use-relative-path-to-use-matlab-file-in-another-computer,1,,yGmGHkpCavK5,https://www.mathworks.com/matlabcentral/answers/250997-how-to-use-relative-path-to-use-matlab-file-in-another-computer
1531407976901,https://www.google.com/url?sa=t&rct=j&q=&esrc=s&source=web&cd=1&ved=0ahUKEwj7rJ-E65ncAhUPPrwKHbMIBxYQFggmMAA&url=https%3A%2F%2Fwww.mathworks.com%2Fmatlabcentral%2Fanswers%2F250997-how-to-use-relative-path-to-use-matlab-file-in-another-computer&usg=AOvVaw0jcKxQ2u9VjkP7q3x3mV7B,1,,_mBZEdRf2QF3,https://www.google.com/url?sa=t&rct=j&q=&esrc=s&source=web&cd=1&ved=0ahUKEwj7rJ-E65ncAhUPPrwKHbMIBxYQFggmMAA&url=https%3A%2F%2Fwww.mathworks.com%2Fmatlabcentral%2Fanswers%2F250997-how-to-use-relative-path-to-use-matlab-file-in-another-computer&usg=AOvVaw0jcKxQ2u9VjkP7q3x3mV7B
1531407910923,matlab relative path - Google 검색,1,,w1qFZMN2hy84,https://www.google.com/search?client=ubuntu&channel=fs&q=matlab+relative+path&ie=utf-8&oe=utf-8
1531407713722,Google Keep,5,,8cbAJ3hGM0Wc,https://keep.google.com/u/1/
1531407713079,https://keep.google.com/u/1/?authuser=1,5,,Is6vtXhFHZ6D,https://keep.google.com/u/1/?authuser=1
1531407712770,https://keep.google.com/u/0/?authuser=1,5,,KHfgv34Xj6t0,https://keep.google.com/u/0/?authuser=1
1531407708453,Google Keep,8,,XVeG5Aqm0erg,https://keep.google.com/u/0/
1531407707799,https://keep.google.com/,8,,xoc5agfsojcy,https://keep.google.com/
1531407707482,http://keep.google.com/,8,,cLKYsprktesx,http://keep.google.com/
1531407588169,아라,1,,t6jFgvD8K3_R,http://ara.kaist.ac.kr/all/560390/?page_no=1
1531407580894,아라,1,,9Ntwakr0f9L8,http://ara.kaist.ac.kr/all/560398/?page_no=1
1531407577341,아라,1,,t-sq2x8U7dDG,http://ara.kaist.ac.kr/all/search/?title=title&content=content&author_nickname=author_nickname&author_username=author_username&search_word=%5B%EC%B4%9D%ED%95%99%5D&x=0&y=0
1531407570597,http://ara.kaist.ac.kr/all/search?title=title&content=content&author_nickname=author_nickname&author_username=author_username&search_word=%5B%EC%B4%9D%ED%95%99%5D&x=0&y=0,1,,a4V7oJEfexf3,http://ara.kaist.ac.kr/all/search?title=title&content=content&author_nickname=author_nickname&author_username=author_username&search_word=%5B%EC%B4%9D%ED%95%99%5D&x=0&y=0
1531407545293,아라,3,,Ipi6jAMB0xa_,http://ara.kaist.ac.kr/all/
1531407541809,아라,1,,BM7LfZliTgLu,http://ara.kaist.ac.kr/board/Garbages/560511/#560511
1531407537203,아라,3,,0wHJhs11Wbaj,http://ara.kaist.ac.kr/main/
1531407531334,아라 - 로그인,3,,sWQ2sYCIzSHu,http://ara.kaist.ac.kr/
1531406947561,[node] sequelize(4) 관계 설정하기 + 댓글 구현하기 :: victolee,1,,Fv2EIUsTJlP7,http://victorydntmd.tistory.com/32
1531406929050,file - 파이썬으로 파이썬파일 돌리기 | Hashcode,2,,YRh8GeJrGGeS,https://hashcode.co.kr/questions/5319/%ED%8C%8C%EC%9D%B4%EC%8D%AC%EC%9C%BC%EB%A1%9C-%ED%8C%8C%EC%9D%B4%EC%8D%AC%ED%8C%8C%EC%9D%BC-%EB%8F%8C%EB%A6%AC%EA%B8%B0
1531406928948,https://www.google.com/url?sa=t&rct=j&q=&esrc=s&source=web&cd=7&ved=0ahUKEwiIlNiQ55ncAhWLzbwKHbeECSQQFgh_MAY&url=https%3A%2F%2Fhashcode.co.kr%2Fquestions%2F5319%2F%25ED%258C%258C%25EC%259D%25B4%25EC%258D%25AC%25EC%259C%25BC%25EB%25A1%259C-%25ED%258C%258C%25EC%259D%25B4%25EC%258D%25AC%25ED%258C%258C%25EC%259D%25BC-%25EB%258F%258C%25EB%25A6%25AC%25EA%25B8%25B0&usg=AOvVaw2XaIbxGSyx2_WB82SY_Ktd,2,,4yBPnEDUqzUx,https://www.google.com/url?sa=t&rct=j&q=&esrc=s&source=web&cd=7&ved=0ahUKEwiIlNiQ55ncAhWLzbwKHbeECSQQFgh_MAY&url=https%3A%2F%2Fhashcode.co.kr%2Fquestions%2F5319%2F%25ED%258C%258C%25EC%259D%25B4%25EC%258D%25AC%25EC%259C%25BC%25EB%25A1%259C-%25ED%258C%258C%25EC%259D%25B4%25EC%258D%25AC%25ED%258C%258C%25EC%259D%25BC-%25EB%258F%258C%25EB%25A6%25AC%25EA%25B8%25B0&usg=AOvVaw2XaIbxGSyx2_WB82SY_Ktd
1531406923017,파이썬 소스코드가 실행되는 방식과 import의 동작 원리 · Wireframe,2,,3iTkc7IIZVr0,https://soooprmx.com/archives/2897
1531406922536,https://www.google.com/url?sa=t&rct=j&q=&esrc=s&source=web&cd=8&ved=0ahUKEwiIlNiQ55ncAhWLzbwKHbeECSQQFgiEATAH&url=https%3A%2F%2Fsoooprmx.com%2Farchives%2F2897&usg=AOvVaw1E9wqjeLbnSVGf7WIsJRnY,1,,O1FMAMObCj71,https://www.google.com/url?sa=t&rct=j&q=&esrc=s&source=web&cd=8&ved=0ahUKEwiIlNiQ55ncAhWLzbwKHbeECSQQFgiEATAH&url=https%3A%2F%2Fsoooprmx.com%2Farchives%2F2897&usg=AOvVaw1E9wqjeLbnSVGf7WIsJRnY
1531406863279,python 파일 안에서 다른 python 파일 실행 - Google 검색,1,,3DA1r8DaI9nV,https://www.google.com/search?client=ubuntu&channel=fs&q=python+%ED%8C%8C%EC%9D%BC+%EC%95%88%EC%97%90%EC%84%9C+%EB%8B%A4%EB%A5%B8+python+%ED%8C%8C%EC%9D%BC+%EC%8B%A4%ED%96%89&ie=utf-8&oe=utf-8
1531392806786,양품 불량품 영어로 - Google 검색,1,,YFTe9yPIJ97E,https://www.google.com/search?client=ubuntu&hs=QQH&channel=fs&ei=GzNHW8yMEIqV8wWJ8764Bg&q=%EC%96%91%ED%92%88+%EB%B6%88%EB%9F%89%ED%92%88+%EC%98%81%EC%96%B4%EB%A1%9C&oq=%EC%96%91%ED%92%88+%EB%B6%88%EB%9F%89%ED%92%88+%EC%98%81%EC%96%B4%EB%A1%9C&gs_l=psy-ab.3...2484.10656.0.10658.45.17.22.0.0.0.252.1966.0j11j2.13.0....0...1c.1j4.64.psy-ab..13.27.1214...0j0i30k1j0i7i30k1j0i13k1j0i13i5i30k1j0i13i5i10i30k1.0.GaD9VbihS80
1531392795376,진품 가품 영어로 - Google 검색,1,,jhl27n72EIHg,https://www.google.com/search?client=ubuntu&channel=fs&q=%EC%A7%84%ED%92%88+%EA%B0%80%ED%92%88+%EC%98%81%EC%96%B4%EB%A1%9C&ie=utf-8&oe=utf-8
1531392316594,for 문을 다 돌았는지 확인 - Google 검색,1,,wtcpsywlh8nQ,https://www.google.com/search?client=ubuntu&channel=fs&ei=NTFHW7SWDIyVmAWrypeYAg&q=for+%EB%AC%B8%EC%9D%84+%EB%8B%A4+%EB%8F%8C%EC%95%98%EB%8A%94%EC%A7%80+%ED%99%95%EC%9D%B8&oq=for+%EB%AC%B8%EC%9D%84+%EB%8B%A4+%EB%8F%8C%EC%95%98%EB%8A%94%EC%A7%80+%ED%99%95%EC%9D%B8&gs_l=psy-ab.3...4707.6044.0.6526.8.6.2.0.0.0.183.695.0j5.5.0....0...1c.1j4.64.psy-ab..1.0.0....0.TAv81In4o6c
1531392309314,for loop 을 다 돌았는지 확인 - Google 검색,1,,tN3ip2EoHQ6R,https://www.google.com/search?client=ubuntu&hs=bZw&channel=fs&ei=VjBHW-2SM4qo8QW5gKioBQ&q=for+loop+%EC%9D%84+%EB%8B%A4+%EB%8F%8C%EC%95%98%EB%8A%94%EC%A7%80+%ED%99%95%EC%9D%B8&oq=for+loop+%EC%9D%84+%EB%8B%A4+%EB%8F%8C%EC%95%98%EB%8A%94%EC%A7%80+%ED%99%95%EC%9D%B8&gs_l=psy-ab.3..33i160k1.214229.221568.0.221572.53.30.2.0.0.0.219.3725.0j16j6.23.0....0...1c.1j4.64.psy-ab..35.15.2403.6..0j35i39k1j0i67k1j0i20i263k1j0i131k1j0i203k1.271.gkOhiZchkG8
1531392086934,python += - Google 검색,1,,BMNVHm9D2qSV,https://www.google.com/search?client=ubuntu&channel=fs&q=python+%2B%3D&ie=utf-8&oe=utf-8
1531391918649,How do you tab backwards? - Quora,1,,Z_xXBQiNXbFe,https://www.quora.com/How-do-you-tab-backwards
1531391918340,https://www.google.com/url?sa=t&rct=j&q=&esrc=s&source=web&cd=1&ved=0ahUKEwjR4ty5r5ncAhUHyrwKHYIkD9cQFggmMAA&url=https%3A%2F%2Fwww.quora.com%2FHow-do-you-tab-backwards&usg=AOvVaw3Vs0-j9FqWcqq3wMRLKVc9,1,,ZskP3LprRexk,https://www.google.com/url?sa=t&rct=j&q=&esrc=s&source=web&cd=1&ved=0ahUKEwjR4ty5r5ncAhUHyrwKHYIkD9cQFggmMAA&url=https%3A%2F%2Fwww.quora.com%2FHow-do-you-tab-backwards&usg=AOvVaw3Vs0-j9FqWcqq3wMRLKVc9
1531391916948,tab backward - Google 검색,1,,_cN69V-ZdH7P,https://www.google.com/search?client=ubuntu&channel=fs&q=tab+backward&ie=utf-8&oe=utf-8
1531390552246,파이썬 파트12. 예외처리 - try / except  raise · 초보몽키의 개발공부로그,1,,aC55W-hBj8YJ,https://wayhome25.github.io/python/2017/02/26/py-12-exception/
1531390551774,https://www.google.com/url?sa=t&rct=j&q=&esrc=s&source=web&cd=1&ved=0ahUKEwj39v2tqpncAhUIO7wKHb2rAa0QFggmMAA&url=https%3A%2F%2Fwayhome25.github.io%2Fpython%2F2017%2F02%2F26%2Fpy-12-exception%2F&usg=AOvVaw1F9ruoG0VJrKsyfsJrf20z,1,,5p_DooQq_fZy,https://www.google.com/url?sa=t&rct=j&q=&esrc=s&source=web&cd=1&ved=0ahUKEwj39v2tqpncAhUIO7wKHb2rAa0QFggmMAA&url=https%3A%2F%2Fwayhome25.github.io%2Fpython%2F2017%2F02%2F26%2Fpy-12-exception%2F&usg=AOvVaw1F9ruoG0VJrKsyfsJrf20z
1531390550148,try except python - Google 검색,2,,VwSslQXP0fwK,https://www.google.com/search?client=ubuntu&channel=fs&q=try+except+python&ie=utf-8&oe=utf-8
1531390494477,Google  Inc. - Google 지도,1,,QC3Iug8k4rKV,https://www.google.com/maps/@37.5703507 126.9811937 3a 51.9y 338.01h 95.17t/data=!3m7!1e1!3m5!1sbdglIzeVbAl0f-bMCoG95g!2e0!6s%2F%2Fgeo0.ggpht.com%2Fcbk%3Fpanoid%3DbdglIzeVbAl0f-bMCoG95g%26output%3Dthumbnail%26cb_client%3Dmaps_sv.tactile.gps%26thumb%3D2%26w%3D203%26h%3D100%26yaw%3D343.1655%26pitch%3D0%26thumbfov%3D100!7i13312!8i6656
1531390493526,Google  Inc. - Google 지도,1,,gqEd74Gg_X4W,https://www.google.com/maps/@37.5703507 126.9811937 3a 51.9y 355.72h 59.09t/data=!3m7!1e1!3m5!1sbdglIzeVbAl0f-bMCoG95g!2e0!6s%2F%2Fgeo0.ggpht.com%2Fcbk%3Fpanoid%3DbdglIzeVbAl0f-bMCoG95g%26output%3Dthumbnail%26cb_client%3Dmaps_sv.tactile.gps%26thumb%3D2%26w%3D203%26h%3D100%26yaw%3D343.1655%26pitch%3D0%26thumbfov%3D100!7i13312!8i6656
1531390492836,Google  Inc. - Google 지도,2,,1xEb_piKLRiX,https://www.google.com/maps/@37.5703507 126.9811937 3a 15y/data=!3m7!1e1!3m5!1sbdglIzeVbAl0f-bMCoG95g!2e0!6s%2F%2Fgeo0.ggpht.com%2Fcbk%3Fpanoid%3DbdglIzeVbAl0f-bMCoG95g%26output%3Dthumbnail%26cb_client%3Dmaps_sv.tactile.gps%26thumb%3D2%26w%3D203%26h%3D100%26yaw%3D343.1655%26pitch%3D0%26thumbfov%3D100!7i13312!8i6656
1531390489154,Google  Inc. - Google 지도,1,,d4VK3ja0dfjW,https://www.google.com/maps/@37.5703507%20126.9811937%203a%2075y%20339.11h%2090t/data=!3m7!1e1!3m5!1sbdglIzeVbAl0f-bMCoG95g!2e0!6s%2F%2Fgeo0.ggpht.com%2Fcbk%3Fpanoid%3DbdglIzeVbAl0f-bMCoG95g%26output%3Dthumbnail%26cb_client%3Dmaps_sv.tactile.gps%26thumb%3D2%26w%3D203%26h%3D100%26yaw%3D343.1655%26pitch%3D0%26thumbfov%3D100!7i13312!8i6656
1531390446271,Google  Inc. - Google 지도,1,,1vYJ7U3yijJ5,https://www.google.com/maps/@37.5703507 126.9811937 3a 90y 281.1h 67.22t/data=!3m7!1e1!3m5!1sbdglIzeVbAl0f-bMCoG95g!2e0!6s%2F%2Fgeo0.ggpht.com%2Fcbk%3Fpanoid%3DbdglIzeVbAl0f-bMCoG95g%26output%3Dthumbnail%26cb_client%3Dmaps_sv.tactile.gps%26thumb%3D2%26w%3D203%26h%3D100%26yaw%3D343.1655%26pitch%3D0%26thumbfov%3D100!7i13312!8i6656
1531390445393,Google  Inc. - Google 지도,1,,dkX8nQhQu08w,https://www.google.com/maps/@37.5703507 126.9811937 3a 90y 281.3h 118.36t/data=!3m7!1e1!3m5!1sbdglIzeVbAl0f-bMCoG95g!2e0!6s%2F%2Fgeo0.ggpht.com%2Fcbk%3Fpanoid%3DbdglIzeVbAl0f-bMCoG95g%26output%3Dthumbnail%26cb_client%3Dmaps_sv.tactile.gps%26thumb%3D2%26w%3D203%26h%3D100%26yaw%3D343.1655%26pitch%3D0%26thumbfov%3D100!7i13312!8i6656
1531390444441,Google  Inc. - Google 지도,1,,glZubdDtpxZE,https://www.google.com/maps/@37.5703507 126.9811937 3a 90y 348.23h 137.75t/data=!3m7!1e1!3m5!1sbdglIzeVbAl0f-bMCoG95g!2e0!6s%2F%2Fgeo0.ggpht.com%2Fcbk%3Fpanoid%3DbdglIzeVbAl0f-bMCoG95g%26output%3Dthumbnail%26cb_client%3Dmaps_sv.tactile.gps%26thumb%3D2%26w%3D203%26h%3D100%26yaw%3D343.1655%26pitch%3D0%26thumbfov%3D100!7i13312!8i6656
1531390442428,Google  Inc. - Google 지도,1,,g3HzSkD4oqgG,https://www.google.com/maps/@37.5703507 126.9811937 3a 90y 3.82h 21.78t/data=!3m7!1e1!3m5!1sbdglIzeVbAl0f-bMCoG95g!2e0!6s%2F%2Fgeo0.ggpht.com%2Fcbk%3Fpanoid%3DbdglIzeVbAl0f-bMCoG95g%26output%3Dthumbnail%26cb_client%3Dmaps_sv.tactile.gps%26thumb%3D2%26w%3D203%26h%3D100%26yaw%3D343.1655%26pitch%3D0%26thumbfov%3D100!7i13312!8i6656
1531390442074,Google  Inc. - Google 지도,1,,MUkeDADvYmTi,https://www.google.com/maps/@37.5703507 126.9811937 3a 84.3y 4.16h 22.9t/data=!3m7!1e1!3m5!1sbdglIzeVbAl0f-bMCoG95g!2e0!6s%2F%2Fgeo0.ggpht.com%2Fcbk%3Fpanoid%3DbdglIzeVbAl0f-bMCoG95g%26output%3Dthumbnail%26cb_client%3Dmaps_sv.tactile.gps%26thumb%3D2%26w%3D203%26h%3D100%26yaw%3D343.1655%26pitch%3D0%26thumbfov%3D100!7i13312!8i6656
1531390434324,Google  Inc. - Google 지도,1,,zfT2HfE_882G,https://www.google.com/maps/@37.5702973%20126.9796971%204044a%2013.1y/data=!3m5!1e1!3m3!1sbdglIzeVbAl0f-bMCoG95g!2e0!6s%2F%2Fgeo0.ggpht.com%2Fcbk%3Fpanoid%3DbdglIzeVbAl0f-bMCoG95g%26output%3Dthumbnail%26cb_client%3Dmaps_sv.tactile.gps%26thumb%3D2%26w%3D203%26h%3D100%26yaw%3D343.1655%26pitch%3D0%26thumbfov%3D100
1531390380759,Google 지도,5,,9Rb0XlT76g5z,https://www.google.com/maps/@36.3716608 127.3377801 14z
1531390377039,Google 지도,2,,Gz_dOjgDwiyn,https://www.google.com/maps/@37.5697615%20126.9789817%2016z
1531390358271,10Aa7r8kfM44 https://www.google.com/maps/@37.5697615 126.9789817 16z - Google 검색,1,,agHJA8Xxr7OT,https://www.google.com/search?client=ubuntu&channel=fs&q=10Aa7r8kfM44%2Chttps%3A%2F%2Fwww.google.com%2Fmaps%2F%4037.5697615+126.9789817+16z&ie=utf-8&oe=utf-8
1531390096137,History Master,5,,XzfYp6QXqaCQ,moz-extension://38e116bb-e014-40a2-bbeb-5bdd0c749e2e/option/index.html
1531390095438,Google  Inc. - Google 지도,1,,hkiIVCzKmYpv,https://www.google.com/maps/@37.5755302 126.9810177 3a 75y 44.97h 82.07t/data=!3m6!1e1!3m4!1s6PjfKHvBtqpsaNaaw4jZlw!2e0!7i13312!8i6656
1531390094304,Google  Inc. - Google 지도,1,,YPvVBK0A_UDr,https://www.google.com/maps/@37.575445 126.980939 3a 75y 44.97h 82.07t/data=!3m6!1e1!3m4!1s4DafHiXKx5S4D31sk3xhpQ!2e0!7i13312!8i6656
1531390093188,Google  Inc. - Google 지도,1,,v6wM2XLCrymA,https://www.google.com/maps/@37.5753657 126.9808428 3a 75y 44.97h 82.07t/data=!3m6!1e1!3m4!1sUrdPZ8ZUVl8aVj0OIi8rSQ!2e0!7i13312!8i6656
1531390092042,Google  Inc. - Google 지도,1,,y1Z0XwBUCVtt,https://www.google.com/maps/@37.5752921 126.9807445 3a 75y 44.97h 82.07t/data=!3m6!1e1!3m4!1sGjheJwF3vPd8froUJ8gTGQ!2e0!7i13312!8i6656
1531390090821,Google  Inc. - Google 지도,1,,eimiZ6xpsIyk,https://www.google.com/maps/@37.5752246 126.9806527 3a 75y 44.97h 82.07t/data=!3m6!1e1!3m4!1s42gtCJtbXXgCvOzTCEI86w!2e0!7i13312!8i6656
1531390089693,Google  Inc. - Google 지도,1,,m-YWNsUP8hhM,https://www.google.com/maps/@37.5751605 126.9805663 3a 75y 44.97h 82.07t/data=!3m6!1e1!3m4!1s6eXhVSVUrhjTrGTKrJwCMA!2e0!7i13312!8i6656
1531390088527,Google  Inc. - Google 지도,1,,jPoiI1x_LNNj,https://www.google.com/maps/@37.5751078 126.9804938 3a 75y 44.97h 82.07t/data=!3m6!1e1!3m4!1sw79cSLHzHZL4zm6prfer8Q!2e0!7i13312!8i6656
1531390087355,Google  Inc. - Google 지도,1,,0PfEwkkS4EAF,https://www.google.com/maps/@37.5750558 126.9804218 3a 75y 44.97h 82.07t/data=!3m6!1e1!3m4!1s5ViS55H12sn3vnbpW9LZIA!2e0!7i13312!8i6656
1531390086220,Google  Inc. - Google 지도,1,,SfGN50rPbgIx,https://www.google.com/maps/@37.5749839 126.980325 3a 75y 44.97h 82.07t/data=!3m6!1e1!3m4!1s8aJejaHdVH7eaBKG3_wduQ!2e0!7i13312!8i6656
1531390085114,Google  Inc. - Google 지도,1,,LMmRD8DmJn0A,https://www.google.com/maps/@37.574919 126.9802353 3a 75y 44.97h 82.07t/data=!3m6!1e1!3m4!1s4c6gC6_E-KxRYnJcgBIdzA!2e0!7i13312!8i6656
1531390083988,Google  Inc. - Google 지도,1,,DCI8jzD1RfPf,https://www.google.com/maps/@37.574857 126.9801496 3a 75y 44.97h 82.07t/data=!3m6!1e1!3m4!1sVZMe9Rgo-ApILX3gfl-6Kg!2e0!7i13312!8i6656
1531390082791,Google  Inc. - Google 지도,1,,6_34oPC061t5,https://www.google.com/maps/@37.5748006 126.9800692 3a 75y 44.97h 82.07t/data=!3m6!1e1!3m4!1sGyh9WC19Jdgc3ZpPDrDNIQ!2e0!7i13312!8i6656
1531390081573,Google  Inc. - Google 지도,1,,2_Vo6s4CXE_y,https://www.google.com/maps/@37.5747421 126.9799609 3a 75y 44.97h 82.07t/data=!3m6!1e1!3m4!1sIkX8npy16hXNJTW53M_ZEg!2e0!7i13312!8i6656
1531390080438,Google  Inc. - Google 지도,1,,O8n3C4C2HwKx,https://www.google.com/maps/@37.5746753 126.9798572 3a 75y 44.97h 82.07t/data=!3m6!1e1!3m4!1swGcQOFu9OwXOB5g_jc-RZA!2e0!7i13312!8i6656
1531390079297,Google  Inc. - Google 지도,1,,zLZFQtRTB20S,https://www.google.com/maps/@37.574603 126.9797624 3a 75y 44.97h 82.07t/data=!3m6!1e1!3m4!1sf_9hNeHxaGmJQqCQq1Bn2g!2e0!7i13312!8i6656
1531390078137,Google  Inc. - Google 지도,1,,WXD7CwOihnca,https://www.google.com/maps/@37.5745324 126.9796696 3a 75y 44.97h 82.07t/data=!3m6!1e1!3m4!1swFb6kWGDL-P7V5VgXrT5eQ!2e0!7i13312!8i6656
1531390076929,Google  Inc. - Google 지도,1,,OpMmMtp08xgf,https://www.google.com/maps/@37.5744704 126.9795875 3a 75y 44.97h 82.07t/data=!3m6!1e1!3m4!1sq18EGWJaJPSk7EYpFZdLfQ!2e0!7i13312!8i6656
1531390075427,Google  Inc. - Google 지도,1,,2bHFVCWGhmg7,https://www.google.com/maps/@37.5744111 126.9795074 3a 75y 44.97h 82.07t/data=!3m6!1e1!3m4!1sdHm-PCMUz-nS-VtTY124Dg!2e0!7i13312!8i6656
1531390074139,Google  Inc. - Google 지도,1,,FZ4o8UQ_DK84,https://www.google.com/maps/@37.5743604 126.9794153 3a 75y 44.97h 82.07t/data=!3m6!1e1!3m4!1sf6ZhMNdYkd0PMdTxVHmkWw!2e0!7i13312!8i6656
1531390071521,Google  Inc. - Google 지도,1,,F_3eDi8qM6we,https://www.google.com/maps/@37.5742993 126.9792983 3a 75y 44.97h 82.07t/data=!3m6!1e1!3m4!1sGVUtShCocHsLwdKpLXf5EQ!2e0!7i13312!8i6656
1531390070423,Google  Inc. - Google 지도,1,,UvwtD03T2NpK,https://www.google.com/maps/@37.5742993 126.9792983 3a 75y 339.11h 90t/data=!3m6!1e1!3m4!1sGVUtShCocHsLwdKpLXf5EQ!2e0!7i13312!8i6656
1531390069191,Google  Inc. - Google 지도,1,,4O1dZFKgfOuq,https://www.google.com/maps/@37.5742203 126.9793866 3a 75y 339.11h 90t/data=!3m6!1e1!3m4!1sfrqMlce0Fdqr8bN3pFrlOA!2e0!7i13312!8i6656
1531390067101,Google  Inc. - Google 지도,1,,d1sIGNGTGc2M,https://www.google.com/maps/@37.5741267 126.9794429 3a 75y 339.11h 90t/data=!3m6!1e1!3m4!1sZaa6Usjjk0pJNEaJ_fMphg!2e0!7i13312!8i6656
1531390065971,Google  Inc. - Google 지도,1,,A8Bi7f0xScRp,https://www.google.com/maps/@37.5740516 126.979483 3a 75y 339.11h 90t/data=!3m6!1e1!3m4!1sm5UYCpDDnqDbtLakxVEhYg!2e0!7i13312!8i6656
1531390064803,Google  Inc. - Google 지도,1,,TLeS_G2AFLJe,https://www.google.com/maps/@37.573976 126.979519 3a 75y 339.11h 90t/data=!3m6!1e1!3m4!1svOP870BqIdvAvaVZU-5uyQ!2e0!7i13312!8i6656
1531390063680,Google  Inc. - Google 지도,1,,4HERRuBuKfqk,https://www.google.com/maps/@37.5738822 126.9795583 3a 75y 339.11h 90t/data=!3m6!1e1!3m4!1sHlaqM2SZHfQhThjJeHtRKA!2e0!7i13312!8i6656
1531390062505,Google  Inc. - Google 지도,1,,MQbSUaqKw1Xr,https://www.google.com/maps/@37.5737872 126.9795999 3a 75y 339.11h 90t/data=!3m6!1e1!3m4!1s7dvaOrMeNJIYoIU3N9ZpKQ!2e0!7i13312!8i6656
1531390061361,Google  Inc. - Google 지도,1,,U8kpsL6Jg1Hz,https://www.google.com/maps/@37.5736972 126.9796524 3a 75y 339.11h 90t/data=!3m6!1e1!3m4!1sxrrJ9VdPj1oKQdgABTNFfQ!2e0!7i13312!8i6656
1531390060152,Google  Inc. - Google 지도,1,,7YZH7vzVe9pC,https://www.google.com/maps/@37.5736063 126.9797016 3a 75y 339.11h 90t/data=!3m6!1e1!3m4!1sb_MZTCQfb1TESA-3gVveZQ!2e0!7i13312!8i6656
1531390058948,Google  Inc. - Google 지도,1,,CjAkiFcBKyEW,https://www.google.com/maps/@37.5735184 126.9797621 3a 75y 339.11h 90t/data=!3m6!1e1!3m4!1socK90z1x6nycTyv-7l08yQ!2e0!7i13312!8i6656
1531390057698,Google  Inc. - Google 지도,1,,hXQXgryNQMxg,https://www.google.com/maps/@37.5734219 126.9798443 3a 75y 339.11h 90t/data=!3m6!1e1!3m4!1sNvOeiK_-or4iUG7AbL-7Iw!2e0!7i13312!8i6656
1531390056540,Google  Inc. - Google 지도,1,,CuEc083sS0AK,https://www.google.com/maps/@37.5733229 126.9798969 3a 75y 339.11h 90t/data=!3m6!1e1!3m4!1shKsT4j9AXluhhefI85BJwg!2e0!7i13312!8i6656
1531390055435,Google  Inc. - Google 지도,1,,yrIpEML4dFhX,https://www.google.com/maps/@37.5732452 126.9799235 3a 75y 339.11h 90t/data=!3m6!1e1!3m4!1s2-jnByCnQ9RR7ft9fJhtRw!2e0!7i13312!8i6656
1531390054280,Google  Inc. - Google 지도,1,,QHDeDE6UENyS,https://www.google.com/maps/@37.5731388 126.9799578 3a 75y 339.11h 90t/data=!3m6!1e1!3m4!1s1Fp-0OB5NzVQcAo3dDapqg!2e0!7i13312!8i6656
1531390053036,Google  Inc. - Google 지도,1,,G17PsDVOPjZJ,https://www.google.com/maps/@37.5730461 126.9799901 3a 75y 339.11h 90t/data=!3m6!1e1!3m4!1sL1Eb8uJxOFSbny6ncnJX9g!2e0!7i13312!8i6656
1531390051754,Google  Inc. - Google 지도,1,,b52wKuLrEFqd,https://www.google.com/maps/@37.5729544 126.9800202 3a 75y 339.11h 90t/data=!3m6!1e1!3m4!1sTmfG6msuPfcgP51TfguvlA!2e0!7i13312!8i6656
1531390050543,Google  Inc. - Google 지도,1,,V5cls6qYRAoL,https://www.google.com/maps/@37.5728609 126.9800465 3a 75y 339.11h 90t/data=!3m6!1e1!3m4!1sDGn992tzmuGX8z9z-EE3kQ!2e0!7i13312!8i6656
1531390049475,Google  Inc. - Google 지도,1,,V9CXSJ9mNplG,https://www.google.com/maps/@37.5727636 126.9800721 3a 75y 339.11h 90t/data=!3m6!1e1!3m4!1sWyzIFppcOiPy_xOg5_xUNg!2e0!7i13312!8i6656
1531390048286,Google  Inc. - Google 지도,1,,ZHTFX7EZ-62q,https://www.google.com/maps/@37.572659 126.9800987 3a 75y 339.11h 90t/data=!3m6!1e1!3m4!1s0tKt4_0hyOwOS-jEyqhDBw!2e0!7i13312!8i6656
1531390045707,Google  Inc. - Google 지도,1,,5mTxOFL6YEEI,https://www.google.com/maps/@37.5725543 126.9800892 3a 75y 339.11h 90t/data=!3m6!1e1!3m4!1scpCN0B5rnpjs6gBPlAbEdg!2e0!7i13312!8i6656
1531390044003,Google  Inc. - Google 지도,1,,xyuxNjQ9rHjm,https://www.google.com/maps/@37.5724048 126.9802127 3a 75y 339.11h 90t/data=!3m6!1e1!3m4!1sPNuWCWoMFuwzqGBE2BO--w!2e0!7i13312!8i6656
1531390041104,Google  Inc. - Google 지도,1,,--hDXtxqc_E8,https://www.google.com/maps/@37.5723427 126.9802451 3a 75y 339.11h 90t/data=!3m6!1e1!3m4!1s-gUSMlnHsLr0006I3TlMgQ!2e0!7i13312!8i6656
1531390039684,Google  Inc. - Google 지도,1,,JRUHvb7Ozkc5,https://www.google.com/maps/@37.572266 126.9802861 3a 75y 339.11h 90t/data=!3m6!1e1!3m4!1sghGnMYp5gH6D8sG1VW4QNg!2e0!7i13312!8i6656
1531390038503,Google  Inc. - Google 지도,1,,rDYNh6NIfoRN,https://www.google.com/maps/@37.5721797 126.9803298 3a 75y 339.11h 90t/data=!3m6!1e1!3m4!1sfgumRSwqvYREYkZfg6FJeQ!2e0!7i13312!8i6656
1531390037396,Google  Inc. - Google 지도,1,,gLpdPW8hRbMZ,https://www.google.com/maps/@37.5720967 126.9803697 3a 75y 339.11h 90t/data=!3m6!1e1!3m4!1shgqUoKIqmZIMjnRvmevSXA!2e0!7i13312!8i6656
1531390036268,Google  Inc. - Google 지도,1,,b-MrfX-Da1og,https://www.google.com/maps/@37.5720079 126.9804111 3a 75y 339.11h 90t/data=!3m6!1e1!3m4!1sEVqA9BrGBuFCJ_KqpJGwjA!2e0!7i13312!8i6656
1531390035116,Google  Inc. - Google 지도,1,,VZKQ7tjiW_Ld,https://www.google.com/maps/@37.5719157 126.9804592 3a 75y 339.11h 90t/data=!3m6!1e1!3m4!1slAIEbFh9iq72soCk-6GMJA!2e0!7i13312!8i6656
1531390033918,Google  Inc. - Google 지도,1,,4KO0qFoBPPvF,https://www.google.com/maps/@37.5718234 126.9805124 3a 75y 339.11h 90t/data=!3m6!1e1!3m4!1sgyEoCK9aVx13EoocD6ODXA!2e0!7i13312!8i6656
1531390032772,Google  Inc. - Google 지도,1,,a0gwW09PKuur,https://www.google.com/maps/@37.5717266 126.9805657 3a 75y 339.11h 90t/data=!3m6!1e1!3m4!1s1WbGSu1hKRTv1IVI5RiLpA!2e0!7i13312!8i6656
1531390031637,Google  Inc. - Google 지도,1,,4D0AS6O13Ujd,https://www.google.com/maps/@37.5716281 126.9806167 3a 75y 339.11h 90t/data=!3m6!1e1!3m4!1sO53m6o0k7MXKuTjSqVunRA!2e0!7i13312!8i6656
1531390030467,Google  Inc. - Google 지도,1,,ozBOab4OWNdO,https://www.google.com/maps/@37.5715342 126.9806664 3a 75y 339.11h 90t/data=!3m6!1e1!3m4!1sr2e7ycDOW8q5Eg1YbH5BSQ!2e0!7i13312!8i6656
1531390029375,Google  Inc. - Google 지도,1,,u6B9sgtadMwG,https://www.google.com/maps/@37.5714509 126.9807093 3a 75y 339.11h 90t/data=!3m6!1e1!3m4!1svOuiz87Qeyc2NbCSVHYBzA!2e0!7i13312!8i6656
1531390028302,Google  Inc. - Google 지도,1,,M2kNWUqVgN8s,https://www.google.com/maps/@37.5713653 126.9807532 3a 75y 339.11h 90t/data=!3m6!1e1!3m4!1sjpgAbZc33CLNag83U_KvOw!2e0!7i13312!8i6656
1531390027237,Google  Inc. - Google 지도,1,,JaFH9-UsSKmm,https://www.google.com/maps/@37.5712756 126.980797 3a 75y 339.11h 90t/data=!3m6!1e1!3m4!1sOuGL_k9tlXk64FrCsYr7OA!2e0!7i13312!8i6656
1531390026006,Google  Inc. - Google 지도,1,,Qdzlg15KlQdd,https://www.google.com/maps/@37.5711867 126.98084 3a 75y 339.11h 90t/data=!3m6!1e1!3m4!1sUmQN_zOGHw82OpTwDezS9A!2e0!7i13312!8i6656
1531390024873,Google  Inc. - Google 지도,1,,iXuZqePkz3fw,https://www.google.com/maps/@37.5710968 126.9808822 3a 75y 339.11h 90t/data=!3m6!1e1!3m4!1sMlLmjhcY3-9C1MMaoiXUzw!2e0!7i13312!8i6656
1531390023757,Google  Inc. - Google 지도,1,,387aJu_ZsEjh,https://www.google.com/maps/@37.5710073 126.9809245 3a 75y 339.11h 90t/data=!3m6!1e1!3m4!1sj_r2R4LfOeOf2L_YJgYC-A!2e0!7i13312!8i6656
1531390022651,Google  Inc. - Google 지도,1,,mI9I6BzJj9cI,https://www.google.com/maps/@37.570924 126.9809651 3a 75y 339.11h 90t/data=!3m6!1e1!3m4!1sp896HTAkYPf0ZowHHeaNAQ!2e0!7i13312!8i6656
1531390021422,Google  Inc. - Google 지도,1,,WTLiipGn8S3Q,https://www.google.com/maps/@37.5708362 126.9810098 3a 75y 339.11h 90t/data=!3m6!1e1!3m4!1sJTuzbw5-yUAaKVV0hXwsvA!2e0!7i13312!8i6656
1531390020122,Google  Inc. - Google 지도,1,,7WJ32zVFZpMt,https://www.google.com/maps/@37.5707467 126.9810562 3a 75y 339.11h 90t/data=!3m6!1e1!3m4!1ssIi7T_JFMCzyK1askHC1xg!2e0!7i13312!8i6656
1531390018945,Google  Inc. - Google 지도,1,,4b4epcgDcL55,https://www.google.com/maps/@37.5706482 126.9811018 3a 75y 339.11h 90t/data=!3m6!1e1!3m4!1s0WoAR1wXwt3XKnzjVMD27w!2e0!7i13312!8i6656
1531390017788,Google  Inc. - Google 지도,1,,iSyWen0sChc_,https://www.google.com/maps/@37.5705377 126.9811286 3a 75y 339.11h 90t/data=!3m6!1e1!3m4!1s_j8t8RxjdQ9NmBA-I-dswg!2e0!7i13312!8i6656
1531390016492,Google  Inc. - Google 지도,1,,PeVtZEo5YLCE,https://www.google.com/maps/@37.5704254 126.9811395 3a 75y 339.11h 90t/data=!3m6!1e1!3m4!1sJ-aZvOopWNHFM4pNIlh_YQ!2e0!7i13312!8i6656
1531390014878,Google  Inc. - Google 지도,1,,B03Du0EreQdu,https://www.google.com/maps/@37.5703507 126.9811937 3a 75y 339.11h 90t/data=!3m5!1e1!3m3!1sbdglIzeVbAl0f-bMCoG95g!2e0!6s%2F%2Fgeo0.ggpht.com%2Fcbk%3Fpanoid%3DbdglIzeVbAl0f-bMCoG95g%26output%3Dthumbnail%26cb_client%3Dmaps_sv.tactile.gps%26thumb%3D2%26w%3D203%26h%3D100%26yaw%3D343.1655%26pitch%3D0%26thumbfov%3D100
1531390013893,Google 지도,1,,dv6Xi-oV_3Kn,https://www.google.com/maps/@37.5703507 126.9811937 3a 75y 339.11h 90t/data=!3m7!1e1!3m5!1sbdglIzeVbAl0f-bMCoG95g!2e0!6s%2F%2Fgeo0.ggpht.com%2Fcbk%3Fpanoid%3DbdglIzeVbAl0f-bMCoG95g%26output%3Dthumbnail%26cb_client%3Dmaps_sv.tactile.gps%26thumb%3D2%26w%3D203%26h%3D100%26yaw%3D343.1655%26pitch%3D0%26thumbfov%3D100!7i13312!8i6656
1531390013154,Google  Inc. - Google 지도,1,,ezQJTP7r9M5-,https://www.google.com/maps/@37.5702786 126.9811827 3a 75y 339.11h 90t/data=!3m5!1e1!3m3!1sbdglIzeVbAl0f-bMCoG95g!2e0!6s%2F%2Fgeo0.ggpht.com%2Fcbk%3Fpanoid%3DbdglIzeVbAl0f-bMCoG95g%26output%3Dthumbnail%26cb_client%3Dmaps_sv.tactile.gps%26thumb%3D2%26w%3D203%26h%3D100%26yaw%3D343.1655%26pitch%3D0%26thumbfov%3D100
1531390012897,Google 지도,1,,P7-x7J24IJYY,https://www.google.com/maps/@37.5702973 126.9796971 4044a 13.1y/data=!3m5!1e1!3m3!1sbdglIzeVbAl0f-bMCoG95g!2e0!6s%2F%2Fgeo0.ggpht.com%2Fcbk%3Fpanoid%3DbdglIzeVbAl0f-bMCoG95g%26output%3Dthumbnail%26cb_client%3Dmaps_sv.tactile.gps%26thumb%3D2%26w%3D203%26h%3D100%26yaw%3D343.1655%26pitch%3D0%26thumbfov%3D100
1531390011420,Google 지도,1,,2LWro-kD5VRS,https://www.google.com/maps/@37.5702973 126.9796971 17z
1531390008805,Google 지도,1,,10Aa7r8kfM44,https://www.google.com/maps/@37.5697615 126.9789817 16z
1531390008427,Google 지도,1,,qSJ8zc0bOvlH,https://www.google.com/maps/@37.5689654 126.9775285 15.5z
1531390008107,Google 지도,1,,VqWpChSG_zTX,https://www.google.com/maps/@37.5666644 126.9740278 14.65z
1531390007214,Google 지도,1,,5gycYi06qa02,https://www.google.com/maps/@37.5569052 126.9615872 13.25z
1531390006946,Google 지도,1,,wFlyWDDgZYce,https://www.google.com/maps/@37.5524021 126.9541385 12.75z
1531390006588,Google 지도,1,,i7nBO_c9K4pM,https://www.google.com/maps/@37.5558209 126.9333795 12.25z
1531390006234,Google 지도,1,,Cn262dN8PTVF,https://www.google.com/maps/@37.5309967 126.9348714 11.56z
1531390003564,Google 지도,1,,wtF7NWnWdV-K,https://www.google.com/maps/@37.584685 126.4638879 11.5z
1531390002892,Google 지도,1,,GLyWttErbPn0,https://www.google.com/maps/@37.4097987 126.6401359 11.5z
1531390001427,Google 지도,1,,o3lcoDOMlZ2b,https://www.google.com/maps/@36.8814498 127.0643206 12.5z
1531389999756,Google 지도,1,,nCrg_ED_IRLA,https://www.google.com/maps/@36.4899431 127.3075389 12.5z
1531389999321,Google 지도,1,,V304S-T-Zz0_,https://www.google.com/maps/@36.3105659 127.3361853 12.5z
1531389999025,Google 지도,1,,PH2V5oiK2Q2w,https://www.google.com/maps/@36.3577951 127.3374598 13.5z
1531389994775,Google 지도,16,,XgRp7-TNUK-7,https://www.google.com/maps
1531389994199,http://maps.google.com/maps,14,,p3LFA_SwAWMf,http://maps.google.com/maps
1531389994097,http://maps.google.com/,14,,XJdrLJb9nIbQ,http://maps.google.com/
1531389993937,http://map.google.com/,14,,Dt6hdAS8QW90,http://map.google.com/
1531187332507,machine learning - number of input channels does not match corresponding dimension of filter in Keras - Stack Overflow,1,,4aAn1SEXdKHP,https://stackoverflow.com/questions/45909569/number-of-input-channels-does-not-match-corresponding-dimension-of-filter-in-ker
1531187332067,https://www.google.com/url?sa=t&rct=j&q=&esrc=s&source=web&cd=2&ved=0ahUKEwjLkeyKtZPcAhWBCqYKHfmeDf8QFggvMAE&url=https%3A%2F%2Fstackoverflow.com%2Fquestions%2F45909569%2Fnumber-of-input-channels-does-not-match-corresponding-dimension-of-filter-in-ker&usg=AOvVaw3XprW6Tj3rP64kbWX6OOBq,1,,I4YL53HV0mOi,https://www.google.com/url?sa=t&rct=j&q=&esrc=s&source=web&cd=2&ved=0ahUKEwjLkeyKtZPcAhWBCqYKHfmeDf8QFggvMAE&url=https%3A%2F%2Fstackoverflow.com%2Fquestions%2F45909569%2Fnumber-of-input-channels-does-not-match-corresponding-dimension-of-filter-in-ker&usg=AOvVaw3XprW6Tj3rP64kbWX6OOBq
1531187274257,ValueError: number of input channels does not match corresponding dimension of filter · Issue #2 · ndrplz/surround_vehicles_awareness · GitHub,1,,Ge7uA04-dtBv,https://github.com/ndrplz/surround_vehicles_awareness/issues/2
1531187273060,https://www.google.com/url?sa=t&rct=j&q=&esrc=s&source=web&cd=1&ved=0ahUKEwjLkeyKtZPcAhWBCqYKHfmeDf8QFggmMAA&url=https%3A%2F%2Fgithub.com%2Fndrplz%2Fsurround_vehicles_awareness%2Fissues%2F2&usg=AOvVaw2jxVyt6osKIq43bUFTXrc6,1,,iLFs4s4ebLrv,https://www.google.com/url?sa=t&rct=j&q=&esrc=s&source=web&cd=1&ved=0ahUKEwjLkeyKtZPcAhWBCqYKHfmeDf8QFggmMAA&url=https%3A%2F%2Fgithub.com%2Fndrplz%2Fsurround_vehicles_awareness%2Fissues%2F2&usg=AOvVaw2jxVyt6osKIq43bUFTXrc6
1531187270820,ValueError: number of input channels does not match corresponding dimension of filter  687 != 3 - Google 검색,1,,XEJCXnKEayys,https://www.google.com/search?client=ubuntu&hs=kuP&channel=fs&ei=ow9EW4vhDIbY0gS4iKbgCw&q=ValueError%3A+number+of+input+channels+does+not+match+corresponding+dimension+of+filter%2C+687+%21%3D+3&oq=ValueError%3A+number+of+input+channels+does+not+match+corresponding+dimension+of+filter%2C+687+%21%3D+3&gs_l=psy-ab.3...162131.162131.0.162829.1.1.0.0.0.0.129.129.0j1.1.0....0...1c.1.64.psy-ab..0.0.0....0.E5d4ICRJ1fI
1531187115784,Core Layers - Keras Documentation,1,,vbocBRollUt2,https://keras.io/layers/core/#input
1531187109098,Core Layers - Keras Documentation,1,,gIbt5reuGZ7Q,https://keras.io/layers/core/
1531187109000,https://www.google.com/url?sa=t&rct=j&q=&esrc=s&source=web&cd=1&ved=0ahUKEwjLvvC8tJPcAhUGrJQKHTiECbwQFggmMAA&url=https%3A%2F%2Fkeras.io%2Flayers%2Fcore%2F&usg=AOvVaw2r_uTKT4LEZwMu7oih3Xdd,1,,wzgHSz0cq89T,https://www.google.com/url?sa=t&rct=j&q=&esrc=s&source=web&cd=1&ved=0ahUKEwjLvvC8tJPcAhUGrJQKHTiECbwQFggmMAA&url=https%3A%2F%2Fkeras.io%2Flayers%2Fcore%2F&usg=AOvVaw2r_uTKT4LEZwMu7oih3Xdd
1531187107306,keras layers input - Google 검색,1,,R-uT7my_Rt79,https://www.google.com/search?client=ubuntu&channel=fs&q=keras+layers+input&ie=utf-8&oe=utf-8
1531186060140,numpy.expand_dims — NumPy v1.14 Manual,1,,484AhJXbJjmc,https://docs.scipy.org/doc/numpy/reference/generated/numpy.expand_dims.html
1531186059529,https://www.google.com/url?sa=t&rct=j&q=&esrc=s&source=web&cd=1&ved=0ahUKEwilk8PIsJPcAhXEkpQKHcgwCYEQFggmMAA&url=https%3A%2F%2Fdocs.scipy.org%2Fdoc%2Fnumpy%2Freference%2Fgenerated%2Fnumpy.expand_dims.html&usg=AOvVaw2840HMeB51y00q9wQpCvd7,1,,VNtYBsSYtIgA,https://www.google.com/url?sa=t&rct=j&q=&esrc=s&source=web&cd=1&ved=0ahUKEwilk8PIsJPcAhXEkpQKHcgwCYEQFggmMAA&url=https%3A%2F%2Fdocs.scipy.org%2Fdoc%2Fnumpy%2Freference%2Fgenerated%2Fnumpy.expand_dims.html&usg=AOvVaw2840HMeB51y00q9wQpCvd7
1531186058000,np expand_dims - Google 검색,1,,_vCWZCPIKrc-,https://www.google.com/search?client=ubuntu&channel=fs&q=np+expand_dims&ie=utf-8&oe=utf-8
1531185573138,180718 ML 분야 유학 및 취업 설명회,1,,JrMjTeFcrwnW,https://docs.google.com/forms/d/e/1FAIpQLSfhpaBUJRH9vJPDMVT2kDdZiG3rgt_z37GlvhQdvx8aqDn1uw/viewform?edit2=2_ABaOnufkP9rMcQh1HJVhEds8nHpX2JWs7AHylJvI_dSufKejULvemH6r309H4lU&fbzx=-3140440862499222000
1531185568180,180718 ML 분야 유학 및 취업 설명회,1,,JSCoHdVU8ENn,https://docs.google.com/forms/d/e/1FAIpQLSfhpaBUJRH9vJPDMVT2kDdZiG3rgt_z37GlvhQdvx8aqDn1uw/viewform?edit2=2_ABaOnufkP9rMcQh1HJVhEds8nHpX2JWs7AHylJvI_dSufKejULvemH6r309H4lU
1531185567758,180718 ML 분야 유학 및 취업 설명회,1,,xfn-7fG41Dsh,https://docs.google.com/forms/d/e/1FAIpQLSfhpaBUJRH9vJPDMVT2kDdZiG3rgt_z37GlvhQdvx8aqDn1uw/viewform?usp=form_confirm&edit2=2_ABaOnufkP9rMcQh1HJVhEds8nHpX2JWs7AHylJvI_dSufKejULvemH6r309H4lU
1531185563535,180718 ML 분야 유학 및 취업 설명회,1,,Xut-dehjzuiT,https://docs.google.com/forms/d/e/1FAIpQLSfhpaBUJRH9vJPDMVT2kDdZiG3rgt_z37GlvhQdvx8aqDn1uw/viewform?fbzx=-3140440862499222000
1531185001281,Hojin Kim,1,,sZLgxzkH-RuO,https://www.facebook.com/harry.hojin.kim?fref=gc&dti=199066016828605
1531184988717,180718 ML 분야 유학 및 취업 설명회,2,,UgBvqZA4dnnX,https://docs.google.com/forms/d/e/1FAIpQLSfhpaBUJRH9vJPDMVT2kDdZiG3rgt_z37GlvhQdvx8aqDn1uw/viewform
1531184987870,180718 ML 분야 유학 및 취업 설명회,2,,KGfxujfoUDA9,https://docs.google.com/forms/d/e/1FAIpQLSfhpaBUJRH9vJPDMVT2kDdZiG3rgt_z37GlvhQdvx8aqDn1uw/viewform?usp=send_form
1531184987421,https://goo.gl/forms/AbzWXcWf76h59Yzy1,2,,qGtf5vq_TPKZ,https://goo.gl/forms/AbzWXcWf76h59Yzy1
1531184937201,KAIST Study Abroad 유학생  유학준비생모임,1,,FcZlvfUA_n7d,https://www.facebook.com/groups/kaiststudyabroad/?ref=bookmarks
1531184749459,Facebook,134,,NnFkfPlcK0v9,https://www.facebook.com/